INSERT INTO `search_engines` (`id`, `name`, `main_url`, `auto_complete_url`, `icon`) VALUES ('1', '百度', 'https://www.baidu.com/s?word=%word%', 'https://www.baidu.com/su?&wd=%word%', 'baidu');
INSERT INTO `search_engines` (`id`, `name`, `main_url`, `auto_complete_url`, `icon`) VALUES ('2', 'Google', 'https://www.google.com/search?q=%word%&oq=1&sourceid=chrome&ie=UTF-8', 1, 'google');
INSERT INTO `bookmarks` (`id`, `name`, `url`, `icon`, `order`, `user_id`, `is_valid`, `update_time`) VALUES (1, 'GitHub', 'https://www.github.com', 'iconfont icon-github', 1, 0, 1, '2019-10-28 11:35:37.428601');
INSERT INTO `bookmarks` (`id`, `name`, `url`, `icon`, `order`, `user_id`, `is_valid`, `update_time`) VALUES (2, '知乎', 'https://www.zhihu.com', 'iconfont icon-ai-book', 1, 0, 1, '2019-10-28 11:35:37.428601');
INSERT INTO `bookmarks` (`id`, `name`, `url`, `icon`, `order`, `user_id`, `is_valid`, `update_time`) VALUES (3, '地图', 'https://map.baidu.com/', 'iconfont icon-ditu', 1, 0, 1, '2019-10-30 15:54:32.744137');
INSERT INTO `bookmarks` (`id`, `name`, `url`, `icon`, `order`, `user_id`, `is_valid`, `update_time`) VALUES (4, '淘宝', 'http://taobao.com', 'iconfont icon-taobao-line', 1, 0, 1, '2019-10-30 15:54:32.744137');
INSERT INTO `bookmarks` (`id`, `name`, `url`, `icon`, `order`, `user_id`, `is_valid`, `update_time`) VALUES (5, 'JSON', 'http://json.cn', 'iconfont icon-ai-code', 1, 0, 1, '2019-10-30 15:54:32.744137');
INSERT INTO `bookmarks` (`id`, `name`, `url`, `icon`, `order`, `user_id`, `is_valid`, `update_time`) VALUES (6, 'weibo', 'http://weibo.com', 'iconfont icon-weibo-fill', 1, 0, 1, '2019-10-30 15:54:32.744137');
INSERT INTO `bookmarks` (`id`, `name`, `url`, `icon`, `order`, `user_id`, `is_valid`, `update_time`) VALUES (7, '微信', 'http://wx.qq.com', 'iconfont icon-wechat-line', 1, 0, 1, '2019-10-30 15:54:32.744137');
INSERT INTO `bookmarks` (`id`, `name`, `url`, `icon`, `order`, `user_id`, `is_valid`, `update_time`) VALUES (8, 'icloud', 'http://icloud.com', 'iconfont icon-apple-fill', 1, 0, 1, '2019-10-30 15:54:32.744137');
INSERT INTO `bookmarks` (`id`, `name`, `url`, `icon`, `order`, `user_id`, `is_valid`, `update_time`) VALUES (9, 'GitHub', 'https://www.github.com', 'iconfont icon-github', 1, 1, 0, '2019-12-30 10:49:32.586422');
INSERT INTO `bookmarks` (`id`, `name`, `url`, `icon`, `order`, `user_id`, `is_valid`, `update_time`) VALUES (10, '知乎', 'https://www.zhihu.com', 'iconfont icon-ai-book', 1, 1, 0, '2019-12-30 10:49:32.586422');
INSERT INTO `bookmarks` (`id`, `name`, `url`, `icon`, `order`, `user_id`, `is_valid`, `update_time`) VALUES (11, '地图', 'https://map.baidu.com/', 'iconfont icon-ditu', 1, 1, 0, '2019-12-30 10:49:32.586422');
INSERT INTO `bookmarks` (`id`, `name`, `url`, `icon`, `order`, `user_id`, `is_valid`, `update_time`) VALUES (12, '京东', 'https://jd.com', 'iconfont icon-31gouwuchexuanzhong', 2, 1, 0, '2019-12-30 10:49:32.586422');
INSERT INTO `bookmarks` (`id`, `name`, `url`, `icon`, `order`, `user_id`, `is_valid`, `update_time`) VALUES (13, 'JSON', 'https://www.json.cn/', 'iconfont icon-ai-code', 3, 1, 0, '2019-12-30 10:49:32.586422');
INSERT INTO `bookmarks` (`id`, `name`, `url`, `icon`, `order`, `user_id`, `is_valid`, `update_time`) VALUES (14, 'iCloud', 'https://www.icloud.com/', 'iconfont icon-apple-fill', 4, 1, 0, '2019-12-30 10:49:32.586422');
INSERT INTO `bookmarks` (`id`, `name`, `url`, `icon`, `order`, `user_id`, `is_valid`, `update_time`) VALUES (15, 'GitHub', 'https://www.github.com', 'iconfont icon-github', 1, 1, 1, '2019-12-30 10:49:32.651957');
INSERT INTO `bookmarks` (`id`, `name`, `url`, `icon`, `order`, `user_id`, `is_valid`, `update_time`) VALUES (16, 'JSON', 'https://www.json.cn/', 'iconfont icon-ai-code', 2, 1, 1, '2019-12-30 10:49:32.754595');
INSERT INTO `bookmarks` (`id`, `name`, `url`, `icon`, `order`, `user_id`, `is_valid`, `update_time`) VALUES (17, 'iCloud', 'https://www.icloud.com/', 'iconfont icon-apple-fill', 3, 1, 1, '2019-12-30 10:49:32.813966');
INSERT INTO `bookmarks` (`id`, `name`, `url`, `icon`, `order`, `user_id`, `is_valid`, `update_time`) VALUES (18, '知乎', 'https://www.zhihu.com', 'iconfont icon-ai-book', 4, 1, 1, '2019-12-30 10:49:32.869960');
INSERT INTO `bookmarks` (`id`, `name`, `url`, `icon`, `order`, `user_id`, `is_valid`, `update_time`) VALUES (19, '地图', 'https://map.baidu.com/', 'iconfont icon-ditu', 5, 1, 1, '2019-12-30 10:49:32.927004');
INSERT INTO `bookmarks` (`id`, `name`, `url`, `icon`, `order`, `user_id`, `is_valid`, `update_time`) VALUES (20, '京东', 'https://jd.com', 'iconfont icon-31gouwuchexuanzhong', 6, 1, 1, '2019-12-30 10:49:32.982482');
INSERT INTO `console` (`id`, `name`, `order`, `icon`, `component_name`, `is_valid`, `update_time`) VALUES ('1', '运行脚本', '1', 'iconfont icon-ai-code', 'Script', '1', '2019-10-28 11:35:37');
INSERT INTO `console` (`id`, `name`, `order`, `icon`, `component_name`, `is_valid`, `update_time`) VALUES ('2', '账户和权限', '2', 'iconfont icon-ai-user', 'Privilege', '1', '2019-10-28 11:35:37');
INSERT INTO `icon` (`id`, `name`) VALUES (1, 'iconfont icon-tianmaochaoshigouwuche');
INSERT INTO `icon` (`id`, `name`) VALUES (2, 'iconfont icon-31gouwuchexuanzhong');
INSERT INTO `icon` (`id`, `name`) VALUES (3, 'iconfont icon-ai-module');
INSERT INTO `icon` (`id`, `name`) VALUES (4, 'iconfont icon-ai-article');
INSERT INTO `icon` (`id`, `name`) VALUES (5, 'iconfont icon-ai-code');
INSERT INTO `icon` (`id`, `name`) VALUES (6, 'iconfont icon-ai-edit');
INSERT INTO `icon` (`id`, `name`) VALUES (7, 'iconfont icon-ai-copy');
INSERT INTO `icon` (`id`, `name`) VALUES (8, 'iconfont icon-ai-set');
INSERT INTO `icon` (`id`, `name`) VALUES (9, 'iconfont icon-ai-user');
INSERT INTO `icon` (`id`, `name`) VALUES (10, 'iconfont icon-ai-home');
INSERT INTO `icon` (`id`, `name`) VALUES (11, 'iconfont icon-ai-img-list');
INSERT INTO `icon` (`id`, `name`) VALUES (12, 'iconfont icon-work-copy');
INSERT INTO `icon` (`id`, `name`) VALUES (13, 'iconfont icon-huodong-copy');
INSERT INTO `icon` (`id`, `name`) VALUES (14, 'iconfont icon-ai-hot');
INSERT INTO `icon` (`id`, `name`) VALUES (15, 'iconfont icon-ai-link');
INSERT INTO `icon` (`id`, `name`) VALUES (16, 'iconfont icon-ai-resume');
INSERT INTO `icon` (`id`, `name`) VALUES (17, 'iconfont icon-ai-briefcase');
INSERT INTO `icon` (`id`, `name`) VALUES (18, 'iconfont icon-ai-calendar');
INSERT INTO `icon` (`id`, `name`) VALUES (19, 'iconfont icon-ai-calculator');
INSERT INTO `icon` (`id`, `name`) VALUES (20, 'iconfont icon-jiageprice1-copy');
INSERT INTO `icon` (`id`, `name`) VALUES (21, 'iconfont icon-yuedureading19-copy');
INSERT INTO `icon` (`id`, `name`) VALUES (22, 'iconfont icon-ai-book');
INSERT INTO `icon` (`id`, `name`) VALUES (23, 'iconfont icon-ai-cart');
INSERT INTO `icon` (`id`, `name`) VALUES (24, 'iconfont icon-ai-new');
INSERT INTO `icon` (`id`, `name`) VALUES (25, 'iconfont icon-ai-search');
INSERT INTO `icon` (`id`, `name`) VALUES (26, 'iconfont icon-dianpu-copy');
INSERT INTO `icon` (`id`, `name`) VALUES (27, 'iconfont icon-ai-mark');
INSERT INTO `icon` (`id`, `name`) VALUES (28, 'iconfont icon-ai-tel');
INSERT INTO `icon` (`id`, `name`) VALUES (29, 'iconfont icon-ai-eye');
INSERT INTO `icon` (`id`, `name`) VALUES (30, 'iconfont icon-ai-video');
INSERT INTO `icon` (`id`, `name`) VALUES (31, 'iconfont icon-ai-camera');
INSERT INTO `icon` (`id`, `name`) VALUES (32, 'iconfont icon-ai-i');
INSERT INTO `icon` (`id`, `name`) VALUES (33, 'iconfont icon-ai-keyboard');
INSERT INTO `icon` (`id`, `name`) VALUES (34, 'iconfont icon-ai-wallet');
INSERT INTO `icon` (`id`, `name`) VALUES (35, 'iconfont icon-ai-profit');
INSERT INTO `icon` (`id`, `name`) VALUES (36, 'iconfont icon-viber');
INSERT INTO `icon` (`id`, `name`) VALUES (37, 'iconfont icon-adobeaftereffects');
INSERT INTO `icon` (`id`, `name`) VALUES (38, 'iconfont icon-adobeindesign');
INSERT INTO `icon` (`id`, `name`) VALUES (39, 'iconfont icon-playerme');
INSERT INTO `icon` (`id`, `name`) VALUES (40, 'iconfont icon-dribbble');
INSERT INTO `icon` (`id`, `name`) VALUES (41, 'iconfont icon-gitter');
INSERT INTO `icon` (`id`, `name`) VALUES (42, 'iconfont icon-justgiving');
INSERT INTO `icon` (`id`, `name`) VALUES (43, 'iconfont icon-microsoftonenote');
INSERT INTO `icon` (`id`, `name`) VALUES (44, 'iconfont icon-graphql');
INSERT INTO `icon` (`id`, `name`) VALUES (45, 'iconfont icon-podcasts');
INSERT INTO `icon` (`id`, `name`) VALUES (46, 'iconfont icon-angular');
INSERT INTO `icon` (`id`, `name`) VALUES (47, 'iconfont icon-foursquare');
INSERT INTO `icon` (`id`, `name`) VALUES (48, 'iconfont icon-instagram');
INSERT INTO `icon` (`id`, `name`) VALUES (49, 'iconfont icon-raspberrypi');
INSERT INTO `icon` (`id`, `name`) VALUES (50, 'iconfont icon-macys');
INSERT INTO `icon` (`id`, `name`) VALUES (51, 'iconfont icon-mastercard');
INSERT INTO `icon` (`id`, `name`) VALUES (52, 'iconfont icon-nintendoswitch');
INSERT INTO `icon` (`id`, `name`) VALUES (53, 'iconfont icon-pinterest');
INSERT INTO `icon` (`id`, `name`) VALUES (54, 'iconfont icon-twilio');
INSERT INTO `icon` (`id`, `name`) VALUES (55, 'iconfont icon-sinaweibo');
INSERT INTO `icon` (`id`, `name`) VALUES (56, 'iconfont icon-microsoftaccess');
INSERT INTO `icon` (`id`, `name`) VALUES (57, 'iconfont icon-netflix');
INSERT INTO `icon` (`id`, `name`) VALUES (58, 'iconfont icon-airbnb');
INSERT INTO `icon` (`id`, `name`) VALUES (59, 'iconfont icon-ebay');
INSERT INTO `icon` (`id`, `name`) VALUES (60, 'iconfont icon-npm');
INSERT INTO `icon` (`id`, `name`) VALUES (61, 'iconfont icon-tinder');
INSERT INTO `icon` (`id`, `name`) VALUES (62, 'iconfont icon-youtube');
INSERT INTO `icon` (`id`, `name`) VALUES (63, 'iconfont icon-tesla');
INSERT INTO `icon` (`id`, `name`) VALUES (64, 'iconfont icon-flipboard');
INSERT INTO `icon` (`id`, `name`) VALUES (65, 'iconfont icon-ted');
INSERT INTO `icon` (`id`, `name`) VALUES (66, 'iconfont icon-jenkins');
INSERT INTO `icon` (`id`, `name`) VALUES (67, 'iconfont icon-redis');
INSERT INTO `icon` (`id`, `name`) VALUES (68, 'iconfont icon-git');
INSERT INTO `icon` (`id`, `name`) VALUES (69, 'iconfont icon-gitlab');
INSERT INTO `icon` (`id`, `name`) VALUES (70, 'iconfont icon-adobeacrobatreader');
INSERT INTO `icon` (`id`, `name`) VALUES (71, 'iconfont icon-gmail');
INSERT INTO `icon` (`id`, `name`) VALUES (72, 'iconfont icon-swift');
INSERT INTO `icon` (`id`, `name`) VALUES (73, 'iconfont icon-ubuntu');
INSERT INTO `icon` (`id`, `name`) VALUES (74, 'iconfont icon-html');
INSERT INTO `icon` (`id`, `name`) VALUES (75, 'iconfont icon-stackoverflow');
INSERT INTO `icon` (`id`, `name`) VALUES (76, 'iconfont icon-sogou');
INSERT INTO `icon` (`id`, `name`) VALUES (77, 'iconfont icon-sparkpost');
INSERT INTO `icon` (`id`, `name`) VALUES (78, 'iconfont icon-rss');
INSERT INTO `icon` (`id`, `name`) VALUES (79, 'iconfont icon-mozillafirefox');
INSERT INTO `icon` (`id`, `name`) VALUES (80, 'iconfont icon-amazon');
INSERT INTO `icon` (`id`, `name`) VALUES (81, 'iconfont icon-xbox');
INSERT INTO `icon` (`id`, `name`) VALUES (82, 'iconfont icon-empirekred');
INSERT INTO `icon` (`id`, `name`) VALUES (83, 'iconfont icon-wechat');
INSERT INTO `icon` (`id`, `name`) VALUES (84, 'iconfont icon-javascript');
INSERT INTO `icon` (`id`, `name`) VALUES (85, 'iconfont icon-spreaker');
INSERT INTO `icon` (`id`, `name`) VALUES (86, 'iconfont icon-linux');
INSERT INTO `icon` (`id`, `name`) VALUES (87, 'iconfont icon-vim');
INSERT INTO `icon` (`id`, `name`) VALUES (88, 'iconfont icon-nginx');
INSERT INTO `icon` (`id`, `name`) VALUES (89, 'iconfont icon-hulu');
INSERT INTO `icon` (`id`, `name`) VALUES (90, 'iconfont icon-line');
INSERT INTO `icon` (`id`, `name`) VALUES (91, 'iconfont icon-nodejs');
INSERT INTO `icon` (`id`, `name`) VALUES (92, 'iconfont icon-bing');
INSERT INTO `icon` (`id`, `name`) VALUES (93, 'iconfont icon-mongodb');
INSERT INTO `icon` (`id`, `name`) VALUES (94, 'iconfont icon-tripadvisor');
INSERT INTO `icon` (`id`, `name`) VALUES (95, 'iconfont icon-vuejs');
INSERT INTO `icon` (`id`, `name`) VALUES (96, 'iconfont icon-googlehangouts');
INSERT INTO `icon` (`id`, `name`) VALUES (97, 'iconfont icon-slack');
INSERT INTO `icon` (`id`, `name`) VALUES (98, 'iconfont icon-kickstarter');
INSERT INTO `icon` (`id`, `name`) VALUES (99, 'iconfont icon-spotify');
INSERT INTO `icon` (`id`, `name`) VALUES (100, 'iconfont icon-wordpress');
INSERT INTO `icon` (`id`, `name`) VALUES (101, 'iconfont icon-tencentqq');
INSERT INTO `icon` (`id`, `name`) VALUES (102, 'iconfont icon-skype');
INSERT INTO `icon` (`id`, `name`) VALUES (103, 'iconfont icon-vimeo');
INSERT INTO `icon` (`id`, `name`) VALUES (104, 'iconfont icon-react');
INSERT INTO `icon` (`id`, `name`) VALUES (105, 'iconfont icon-visualstudiocode');
INSERT INTO `icon` (`id`, `name`) VALUES (106, 'iconfont icon-microsoftoutlook');
INSERT INTO `icon` (`id`, `name`) VALUES (107, 'iconfont icon-twitter');
INSERT INTO `icon` (`id`, `name`) VALUES (108, 'iconfont icon-docker');
INSERT INTO `icon` (`id`, `name`) VALUES (109, 'iconfont icon-googleplay');
INSERT INTO `icon` (`id`, `name`) VALUES (110, 'iconfont icon-webpack');
INSERT INTO `icon` (`id`, `name`) VALUES (111, 'iconfont icon-px');
INSERT INTO `icon` (`id`, `name`) VALUES (112, 'iconfont icon-telegram');
INSERT INTO `icon` (`id`, `name`) VALUES (113, 'iconfont icon-python');
INSERT INTO `icon` (`id`, `name`) VALUES (114, 'iconfont icon-jsfiddle');
INSERT INTO `icon` (`id`, `name`) VALUES (115, 'iconfont icon-ifixit');
INSERT INTO `icon` (`id`, `name`) VALUES (116, 'iconfont icon-buffer');
INSERT INTO `icon` (`id`, `name`) VALUES (117, 'iconfont icon-paypal');
INSERT INTO `icon` (`id`, `name`) VALUES (118, 'iconfont icon-windows');
INSERT INTO `icon` (`id`, `name`) VALUES (119, 'iconfont icon-intel');
INSERT INTO `icon` (`id`, `name`) VALUES (120, 'iconfont icon-readthedocs');
INSERT INTO `icon` (`id`, `name`) VALUES (121, 'iconfont icon-baidu');
INSERT INTO `icon` (`id`, `name`) VALUES (122, 'iconfont icon-php');
INSERT INTO `icon` (`id`, `name`) VALUES (123, 'iconfont icon-visa');
INSERT INTO `icon` (`id`, `name`) VALUES (124, 'iconfont icon-google');
INSERT INTO `icon` (`id`, `name`) VALUES (125, 'iconfont icon-googledrive');
INSERT INTO `icon` (`id`, `name`) VALUES (126, 'iconfont icon-onedrive');
INSERT INTO `icon` (`id`, `name`) VALUES (127, 'iconfont icon-playstation');
INSERT INTO `icon` (`id`, `name`) VALUES (128, 'iconfont icon-jira');
INSERT INTO `icon` (`id`, `name`) VALUES (129, 'iconfont icon-dropbox');
INSERT INTO `icon` (`id`, `name`) VALUES (130, 'iconfont icon-xcode');
INSERT INTO `icon` (`id`, `name`) VALUES (131, 'iconfont icon-microsoftword');
INSERT INTO `icon` (`id`, `name`) VALUES (132, 'iconfont icon-github');
INSERT INTO `icon` (`id`, `name`) VALUES (133, 'iconfont icon-instapaper');
INSERT INTO `icon` (`id`, `name`) VALUES (134, 'iconfont icon-django');
INSERT INTO `icon` (`id`, `name`) VALUES (135, 'iconfont icon-sublimetext');
INSERT INTO `icon` (`id`, `name`) VALUES (136, 'iconfont icon-microsoft');
INSERT INTO `icon` (`id`, `name`) VALUES (137, 'iconfont icon-apple');
INSERT INTO `icon` (`id`, `name`) VALUES (138, 'iconfont icon-yahoo');
INSERT INTO `icon` (`id`, `name`) VALUES (139, 'iconfont icon-bootstrap');
INSERT INTO `icon` (`id`, `name`) VALUES (140, 'iconfont icon-mozilla');
INSERT INTO `icon` (`id`, `name`) VALUES (141, 'iconfont icon-steam');
INSERT INTO `icon` (`id`, `name`) VALUES (142, 'iconfont icon-wikipedia');
INSERT INTO `icon` (`id`, `name`) VALUES (143, 'iconfont icon-vsco');
INSERT INTO `icon` (`id`, `name`) VALUES (144, 'iconfont icon-applemusic');
INSERT INTO `icon` (`id`, `name`) VALUES (145, 'iconfont icon-PM');
INSERT INTO `icon` (`id`, `name`) VALUES (146, 'iconfont icon-app_icons--');
INSERT INTO `icon` (`id`, `name`) VALUES (147, 'iconfont icon-alipay-line');
INSERT INTO `icon` (`id`, `name`) VALUES (148, 'iconfont icon-alipay-fill');
INSERT INTO `icon` (`id`, `name`) VALUES (149, 'iconfont icon-angularjs-line');
INSERT INTO `icon` (`id`, `name`) VALUES (150, 'iconfont icon-android-fill');
INSERT INTO `icon` (`id`, `name`) VALUES (151, 'iconfont icon-angularjs-fill');
INSERT INTO `icon` (`id`, `name`) VALUES (152, 'iconfont icon-apple-fill');
INSERT INTO `icon` (`id`, `name`) VALUES (153, 'iconfont icon-amazon-line');
INSERT INTO `icon` (`id`, `name`) VALUES (154, 'iconfont icon-amazon-fill');
INSERT INTO `icon` (`id`, `name`) VALUES (155, 'iconfont icon-chrome-fill');
INSERT INTO `icon` (`id`, `name`) VALUES (156, 'iconfont icon-apple-line');
INSERT INTO `icon` (`id`, `name`) VALUES (157, 'iconfont icon-baidu-fill');
INSERT INTO `icon` (`id`, `name`) VALUES (158, 'iconfont icon-bilibili-fill');
INSERT INTO `icon` (`id`, `name`) VALUES (159, 'iconfont icon-bilibili-line');
INSERT INTO `icon` (`id`, `name`) VALUES (160, 'iconfont icon-baidu-line');
INSERT INTO `icon` (`id`, `name`) VALUES (161, 'iconfont icon-dingding-fill');
INSERT INTO `icon` (`id`, `name`) VALUES (162, 'iconfont icon-douban-line');
INSERT INTO `icon` (`id`, `name`) VALUES (163, 'iconfont icon-edge-fill');
INSERT INTO `icon` (`id`, `name`) VALUES (164, 'iconfont icon-dropbox-fill');
INSERT INTO `icon` (`id`, `name`) VALUES (165, 'iconfont icon-edge-line');
INSERT INTO `icon` (`id`, `name`) VALUES (166, 'iconfont icon-evernote-line');
INSERT INTO `icon` (`id`, `name`) VALUES (167, 'iconfont icon-dingding-line');
INSERT INTO `icon` (`id`, `name`) VALUES (168, 'iconfont icon-douban-fill');
INSERT INTO `icon` (`id`, `name`) VALUES (169, 'iconfont icon-dropbox-line');
INSERT INTO `icon` (`id`, `name`) VALUES (170, 'iconfont icon-github-fill');
INSERT INTO `icon` (`id`, `name`) VALUES (171, 'iconfont icon-gitlab-fill');
INSERT INTO `icon` (`id`, `name`) VALUES (172, 'iconfont icon-chrome-line');
INSERT INTO `icon` (`id`, `name`) VALUES (173, 'iconfont icon-gitlab-line');
INSERT INTO `icon` (`id`, `name`) VALUES (174, 'iconfont icon-firefox-line');
INSERT INTO `icon` (`id`, `name`) VALUES (175, 'iconfont icon-ie-fill');
INSERT INTO `icon` (`id`, `name`) VALUES (176, 'iconfont icon-ie-line');
INSERT INTO `icon` (`id`, `name`) VALUES (177, 'iconfont icon-instagram-line');
INSERT INTO `icon` (`id`, `name`) VALUES (178, 'iconfont icon-github-line');
INSERT INTO `icon` (`id`, `name`) VALUES (179, 'iconfont icon-linkedin-fill');
INSERT INTO `icon` (`id`, `name`) VALUES (180, 'iconfont icon-linkedin-box-line');
INSERT INTO `icon` (`id`, `name`) VALUES (181, 'iconfont icon-linkedin-box-fill');
INSERT INTO `icon` (`id`, `name`) VALUES (182, 'iconfont icon-linkedin-line');
INSERT INTO `icon` (`id`, `name`) VALUES (183, 'iconfont icon-mastercard-line');
INSERT INTO `icon` (`id`, `name`) VALUES (184, 'iconfont icon-google-line');
INSERT INTO `icon` (`id`, `name`) VALUES (185, 'iconfont icon-evernote-fill');
INSERT INTO `icon` (`id`, `name`) VALUES (186, 'iconfont icon-firefox-fill');
INSERT INTO `icon` (`id`, `name`) VALUES (187, 'iconfont icon-mastercard-fill');
INSERT INTO `icon` (`id`, `name`) VALUES (188, 'iconfont icon-opera-fill');
INSERT INTO `icon` (`id`, `name`) VALUES (189, 'iconfont icon-netflix-fill');
INSERT INTO `icon` (`id`, `name`) VALUES (190, 'iconfont icon-google-fill');
INSERT INTO `icon` (`id`, `name`) VALUES (191, 'iconfont icon-paypal-line');
INSERT INTO `icon` (`id`, `name`) VALUES (192, 'iconfont icon-playstation-fill');
INSERT INTO `icon` (`id`, `name`) VALUES (193, 'iconfont icon-qq-fill');
INSERT INTO `icon` (`id`, `name`) VALUES (194, 'iconfont icon-reactjs-fill');
INSERT INTO `icon` (`id`, `name`) VALUES (195, 'iconfont icon-safari-fill');
INSERT INTO `icon` (`id`, `name`) VALUES (196, 'iconfont icon-reactjs-line');
INSERT INTO `icon` (`id`, `name`) VALUES (197, 'iconfont icon-safari-line');
INSERT INTO `icon` (`id`, `name`) VALUES (198, 'iconfont icon-skype-fill');
INSERT INTO `icon` (`id`, `name`) VALUES (199, 'iconfont icon-spotify-line');
INSERT INTO `icon` (`id`, `name`) VALUES (200, 'iconfont icon-stack-overflow-fill');
INSERT INTO `icon` (`id`, `name`) VALUES (201, 'iconfont icon-spotify-fill');
INSERT INTO `icon` (`id`, `name`) VALUES (202, 'iconfont icon-reddit-line');
INSERT INTO `icon` (`id`, `name`) VALUES (203, 'iconfont icon-telegram-fill');
INSERT INTO `icon` (`id`, `name`) VALUES (204, 'iconfont icon-stack-overflow-line');
INSERT INTO `icon` (`id`, `name`) VALUES (205, 'iconfont icon-taobao-line');
INSERT INTO `icon` (`id`, `name`) VALUES (206, 'iconfont icon-tumblr-line');
INSERT INTO `icon` (`id`, `name`) VALUES (207, 'iconfont icon-tumblr-fill');
INSERT INTO `icon` (`id`, `name`) VALUES (208, 'iconfont icon-taobao-fill');
INSERT INTO `icon` (`id`, `name`) VALUES (209, 'iconfont icon-twitter-fill');
INSERT INTO `icon` (`id`, `name`) VALUES (210, 'iconfont icon-twitch-fill');
INSERT INTO `icon` (`id`, `name`) VALUES (211, 'iconfont icon-switch-fill');
INSERT INTO `icon` (`id`, `name`) VALUES (212, 'iconfont icon-ubuntu-fill');
INSERT INTO `icon` (`id`, `name`) VALUES (213, 'iconfont icon-vuejs-fill');
INSERT INTO `icon` (`id`, `name`) VALUES (214, 'iconfont icon-ubuntu-line');
INSERT INTO `icon` (`id`, `name`) VALUES (215, 'iconfont icon-twitter-line');
INSERT INTO `icon` (`id`, `name`) VALUES (216, 'iconfont icon-wechat--fill');
INSERT INTO `icon` (`id`, `name`) VALUES (217, 'iconfont icon-wechat--line');
INSERT INTO `icon` (`id`, `name`) VALUES (218, 'iconfont icon-windows-fill');
INSERT INTO `icon` (`id`, `name`) VALUES (219, 'iconfont icon-wechat-fill');
INSERT INTO `icon` (`id`, `name`) VALUES (220, 'iconfont icon-weibo-line');
INSERT INTO `icon` (`id`, `name`) VALUES (221, 'iconfont icon-switch-line');
INSERT INTO `icon` (`id`, `name`) VALUES (222, 'iconfont icon-wechat-line');
INSERT INTO `icon` (`id`, `name`) VALUES (223, 'iconfont icon-weibo-fill');
INSERT INTO `icon` (`id`, `name`) VALUES (224, 'iconfont icon-whatsapp-fill');
INSERT INTO `icon` (`id`, `name`) VALUES (225, 'iconfont icon-whatsapp-line');
INSERT INTO `icon` (`id`, `name`) VALUES (226, 'iconfont icon-xbox-line');
INSERT INTO `icon` (`id`, `name`) VALUES (227, 'iconfont icon-xbox-fill');
INSERT INTO `icon` (`id`, `name`) VALUES (228, 'iconfont icon-youtube-line');
INSERT INTO `icon` (`id`, `name`) VALUES (229, 'iconfont icon-zhihu-line');
INSERT INTO `icon` (`id`, `name`) VALUES (230, 'iconfont icon-zhihu-fill');
INSERT INTO `icon` (`id`, `name`) VALUES (231, 'iconfont icon-vuejs-line');
INSERT INTO `icon` (`id`, `name`) VALUES (232, 'iconfont icon-wechat-pay-line');
INSERT INTO `icon` (`id`, `name`) VALUES (233, 'iconfont icon-ditu');
INSERT INTO `privilege` (`id`, `name`, `mark`, `remark`, `is_valid`, `update_time`) VALUES ('1', '用户信息', '/userInfo', '返回用户自定义的内容，如城市、书签等', '1', '2019-10-28 11:35:37');
INSERT INTO `privilege` (`id`, `name`, `mark`, `remark`, `is_valid`, `update_time`) VALUES ('2', '控制台', '/console/get', '', '1', '2019-10-28 11:35:37');
INSERT INTO `privilege` (`id`, `name`, `mark`, `remark`, `is_valid`, `update_time`) VALUES ('3', '控制台-账户和权限-用户列表获取', '/privilege/userGet', '', '1', '2019-10-28 11:35:37');
INSERT INTO `privilege` (`id`, `name`, `mark`, `remark`, `is_valid`, `update_time`) VALUES ('4', '控制台-账户和权限-用户禁用', '/privilege/userDisable', '', '1', '2019-10-28 11:35:37');
INSERT INTO `privilege` (`id`, `name`, `mark`, `remark`, `is_valid`, `update_time`) VALUES ('5', '控制台-账户和权限-用户启用', '/privilege/userEnable', '', '1', '2019-10-28 11:35:37');
INSERT INTO `privilege` (`id`, `name`, `mark`, `remark`, `is_valid`, `update_time`) VALUES ('6', '控制台-账户和权限-用户信息修改', '/privilege/userRoleChange', '', '1', '2019-10-28 11:35:37');
INSERT INTO `privilege` (`id`, `name`, `mark`, `remark`, `is_valid`, `update_time`) VALUES ('7', '控制台-账户和权限-用户删除', '/privilege/userDelete', '', '1', '2019-10-28 11:35:37');
INSERT INTO `privilege` (`id`, `name`, `mark`, `remark`, `is_valid`, `update_time`) VALUES ('8', '控制台-账户和权限-角色列表获取', '/privilege/roleGet', '', '1', '2019-10-28 11:35:37');
INSERT INTO `privilege` (`id`, `name`, `mark`, `remark`, `is_valid`, `update_time`) VALUES ('9', '控制台-账户和权限-角色具有的权限列表获取', '/privilege/rolePrivilegeGet', '', '1', '2019-10-28 11:35:37');
INSERT INTO `privilege` (`id`, `name`, `mark`, `remark`, `is_valid`, `update_time`) VALUES ('10', '控制台-账户和权限-用户对应权限修改', '/privilege/rolePrivilegeEdit', '', '1', '2019-10-28 11:35:37');
INSERT INTO `privilege` (`id`, `name`, `mark`, `remark`, `is_valid`, `update_time`) VALUES ('11', '控制台-账户和权限-角色新增和修改', '/privilege/roleEdit', '', '1', '2019-10-28 11:35:37');
INSERT INTO `privilege` (`id`, `name`, `mark`, `remark`, `is_valid`, `update_time`) VALUES ('12', '控制台-账户和权限-角色禁用', '/privilege/roleDisable', '', '1', '2019-10-28 11:35:37');
INSERT INTO `privilege` (`id`, `name`, `mark`, `remark`, `is_valid`, `update_time`) VALUES ('13', '控制台-账户和权限-角色启用', '/privilege/roleEnable', '', '1', '2019-10-28 11:35:37');
INSERT INTO `privilege` (`id`, `name`, `mark`, `remark`, `is_valid`, `update_time`) VALUES ('14', '控制台-账户和权限-角色删除', '/privilege/roleDelete', '', '1', '2019-10-28 11:35:37');
INSERT INTO `privilege` (`id`, `name`, `mark`, `remark`, `is_valid`, `update_time`) VALUES ('15', '控制台-账户和权限-权限列表获取', '/privilege/privilegeGet', '', '1', '2019-10-28 11:35:37');
INSERT INTO `privilege` (`id`, `name`, `mark`, `remark`, `is_valid`, `update_time`) VALUES ('16', '控制台-账户和权限-权限新增和修改', '/privilege/privilegeEdit', '', '1', '2019-10-28 11:35:37');
INSERT INTO `privilege` (`id`, `name`, `mark`, `remark`, `is_valid`, `update_time`) VALUES ('17', '控制台-账户和权限-权限禁用', '/privilege/privilegeDisable', '', '1', '2019-10-28 11:35:37');
INSERT INTO `privilege` (`id`, `name`, `mark`, `remark`, `is_valid`, `update_time`) VALUES ('18', '控制台-账户和权限-权限启用', '/privilege/privilegeEnable', '', '1', '2019-10-28 11:35:37');
INSERT INTO `privilege` (`id`, `name`, `mark`, `remark`, `is_valid`, `update_time`) VALUES ('19', '控制台-账户和权限-权限删除', '/privilege/privilegeDelete', '', '1', '2019-10-28 11:35:37');
INSERT INTO `privilege` (`id`, `name`, `mark`, `remark`, `is_valid`, `update_time`) VALUES ('20', '控制台-脚本运行平台-子系统列表', '/script/subSystem', '', '1', '2019-10-28 11:35:37');
INSERT INTO `privilege` (`id`, `name`, `mark`, `remark`, `is_valid`, `update_time`) VALUES ('21', '控制台-脚本运行平台-子系统脚本', '/script/subSystemScript', '', '1', '2019-10-28 11:35:37');
INSERT INTO `privilege` (`id`, `name`, `mark`, `remark`, `is_valid`, `update_time`) VALUES ('22', '控制台-脚本运行平台-脚本运行', '/script/run', '', '1', '2019-10-28 11:35:37');
INSERT INTO `privilege` (`id`, `name`, `mark`, `remark`, `is_valid`, `update_time`) VALUES ('23', '控制台-脚本运行平台-脚本终止运行', '/script/terminate', '', '1', '2019-10-28 11:35:37');
INSERT INTO `privilege` (`id`, `name`, `mark`, `remark`, `is_valid`, `update_time`) VALUES ('24', '控制台-脚本运行平台-脚本运行输出获取', '/script/runOutput', '', '1', '2019-10-28 11:35:37');
INSERT INTO `privilege` (`id`, `name`, `mark`, `remark`, `is_valid`, `update_time`) VALUES ('25', '控制台-脚本运行平台-脚本编辑', '/script/edit', '', '1', '2019-10-28 11:35:37');
INSERT INTO `privilege` (`id`, `name`, `mark`, `remark`, `is_valid`, `update_time`) VALUES ('26', '控制台-脚本运行平台-脚本回放', '/script/replay', '', '1', '2019-10-28 11:35:37');
INSERT INTO `privilege` (`id`, `name`, `mark`, `remark`, `is_valid`, `update_time`) VALUES ('27', '控制台-脚本运行平台-脚本删除', '/script/delete', '', '1', '2019-10-28 11:35:37');
INSERT INTO `privilege` (`id`, `name`, `mark`, `remark`, `is_valid`, `update_time`) VALUES ('28', '控制台-脚本运行平台-脚本运行输出保存', '/script/saveOutput', '', '1', '2019-10-28 11:35:37');
INSERT INTO `privilege` (`id`, `name`, `mark`, `remark`, `is_valid`, `update_time`) VALUES ('29', '控制台-脚本运行平台-脚本运行记录获取', '/script/getLogs', '', '1', '2019-10-28 11:35:37');
INSERT INTO `privilege` (`id`, `name`, `mark`, `remark`, `is_valid`, `update_time`) VALUES ('30', '控制台-脚本运行平台-脚本最新运行记录获取', '/script/getNewestLog', '', '1', '2019-10-28 11:35:37');
INSERT INTO `privilege` (`id`, `name`, `mark`, `remark`, `is_valid`, `update_time`) VALUES ('31', '控制台-脚本运行平台-脚本额外按钮脚本运行', '/script/extraButtonScriptRun', '', '1', '2019-10-28 11:35:37');
INSERT INTO `privilege` (`id`, `name`, `mark`, `remark`, `is_valid`, `update_time`) VALUES ('32', '控制台-脚本运行平台-定时任务查看', '/script/schedule', '', '1', '2019-10-28 11:35:37');
INSERT INTO `privilege` (`id`, `name`, `mark`, `remark`, `is_valid`, `update_time`) VALUES ('33', '控制台-脚本运行平台-定时任务编辑', '/script/scheduleEdit', '', '1', '2019-10-28 11:35:37');
INSERT INTO `privilege` (`id`, `name`, `mark`, `remark`, `is_valid`, `update_time`) VALUES ('34', '控制台-脚本运行平台-定时任务删除', '/script/scheduleDelete', '', '1', '2019-10-28 11:35:37');
INSERT INTO `privilege` (`id`, `name`, `mark`, `remark`, `is_valid`, `update_time`) VALUES ('35', '控制台-脚本运行平台-新增栏目', '/script/subSystemAdd', '', '1', '2020-06-11 15:32:10');
INSERT INTO `privilege` (`id`, `name`, `mark`, `remark`, `is_valid`, `update_time`) VALUES ('36', '控制台-脚本运行平台-删除栏目', '/script/subSystemDelete', '', '1', '2020-06-11 15:32:10');
INSERT INTO `privilege` (`id`, `name`, `mark`, `remark`, `is_valid`, `update_time`) VALUES ('37', 'APP-获取', '/app/get', '', '1', '2020-06-11 15:31:37');
INSERT INTO `privilege` (`id`, `name`, `mark`, `remark`, `is_valid`, `update_time`) VALUES ('38', 'APP-新增', '/app/add', '', '1', '2020-06-11 15:31:51');
INSERT INTO `privilege` (`id`, `name`, `mark`, `remark`, `is_valid`, `update_time`) VALUES ('39', 'APP-编辑', '/app/edit', '', '1', '2020-06-11 15:32:10');
INSERT INTO `privilege` (`id`, `name`, `mark`, `remark`, `is_valid`, `update_time`) VALUES ('40', '推送-获取', '/push/get', '', '0', '2020-06-22 23:06:06');
INSERT INTO `privilege` (`id`, `name`, `mark`, `remark`, `is_valid`, `update_time`) VALUES ('41', '推送-新增', '/push/add', '', '1', '2020-06-22 23:10:45');
INSERT INTO `privilege` (`id`, `name`, `mark`, `remark`, `is_valid`, `update_time`) VALUES ('42', '推送-编辑', '/push/edit', '', '1', '2020-06-22 23:11:32');
INSERT INTO `privilege` (`id`, `name`, `mark`, `remark`, `is_valid`, `update_time`) VALUES ('43', '书签-新增', '/bookmarks/bookmarksAdd', '', '1', '2020-06-25 23:41:13');
INSERT INTO `privilege` (`id`, `name`, `mark`, `remark`, `is_valid`, `update_time`) VALUES ('44', '书签-编辑', '/bookmarks/bookmarksEdit', '', '1', '2020-06-25 23:41:29');
INSERT INTO `privilege` (`id`, `name`, `mark`, `remark`, `is_valid`, `update_time`) VALUES ('45', '天气-增加位置', '/weather/weatherLocationCreate', '', '1', '2020-06-25 23:42:17');
INSERT INTO `privilege` (`id`, `name`, `mark`, `remark`, `is_valid`, `update_time`) VALUES ('46', '天气-编辑', '/weather/weatherLocationListEdit', '', '1', '2020-06-25 23:42:33');
INSERT INTO `privilege` (`id`, `name`, `mark`, `remark`, `is_valid`, `update_time`) VALUES ('47', '文件-上传', '/upload', '', '1', '2020-07-11 15:41:10');
INSERT INTO `privilege` (`id`, `name`, `mark`, `remark`, `is_valid`, `update_time`) VALUES ('48', '文件-下载', '/download', '', '1', '2020-07-11 15:41:26');
INSERT INTO `privilege` (`id`, `name`, `mark`, `remark`, `is_valid`, `update_time`) VALUES ('49', '网盘-获取列表', '/cloudDrive/get', '', '1', '2020-07-11 17:38:16');
INSERT INTO `privilege` (`id`, `name`, `mark`, `remark`, `is_valid`, `update_time`) VALUES ('50', '网盘-保存', '/cloudDrive/save', '', '1', '2020-07-11 17:38:48');
INSERT INTO `privilege` (`id`, `name`, `mark`, `remark`, `is_valid`, `update_time`) VALUES ('51', '网盘-删除', '/cloudDrive/delete', '', '1', '2020-07-11 17:39:03');
INSERT INTO `privilege` (`id`, `name`, `mark`, `remark`, `is_valid`, `update_time`) VALUES ('52', '控制台-脚本运行平台-全部脚本获取', '/script/scriptAll', '', '1', '2020-07-23 15:54:53');
INSERT INTO `privilege` (`id`, `name`, `mark`, `remark`, `is_valid`, `update_time`) VALUES ('53', '便签-获取', '/notes/get', '', '1', '2020-07-31 10:28:37');
INSERT INTO `privilege` (`id`, `name`, `mark`, `remark`, `is_valid`, `update_time`) VALUES ('54', '便签-保存', '/notes/save', '', '1', '2020-07-31 10:29:14');
INSERT INTO `privilege` (`id`, `name`, `mark`, `remark`, `is_valid`, `update_time`) VALUES ('55', '便签-推送', '/notes/notify', '', '1', '2020-07-31 10:29:47');
INSERT INTO `privilege` (`id`, `name`, `mark`, `remark`, `is_valid`, `update_time`) VALUES ('56', '便签-回滚', '/notes/revert', '', '1', '2020-07-31 18:06:57');
INSERT INTO `privilege` (`id`, `name`, `mark`, `remark`, `is_valid`, `update_time`) VALUES ('57', '控制台-编辑组件-组件集获取', '/widget/suite/detail', '', '1', '2020-08-09 14:37:27');
INSERT INTO `privilege` (`id`, `name`, `mark`, `remark`, `is_valid`, `update_time`) VALUES ('58', '控制台-编辑组件-组件获取全部', '/widget/get_all', '', '1', '2020-08-09 14:37:50');
INSERT INTO `privilege` (`id`, `name`, `mark`, `remark`, `is_valid`, `update_time`) VALUES ('59', '控制台-编辑组件-保存', '/widget/suite/save', '', '1', '2020-08-09 23:30:58');
INSERT INTO `privilege` (`id`, `name`, `mark`, `remark`, `is_valid`, `update_time`) VALUES ('60', '网盘-分享', '/cloudDrive/share/set', '', '1', '2020-08-12 15:55:54');
INSERT INTO `privilege` (`id`, `name`, `mark`, `remark`, `is_valid`, `update_time`) VALUES ('61', '网盘-取消分享', '/cloudDrive/share/cancel', '', '1', '2020-08-12 17:01:26');
INSERT INTO `privilege` (`id`, `name`, `mark`, `remark`, `is_valid`, `update_time`) VALUES ('62', '黄金价格-编辑阈值', '/gold/edit', '', '1', '2020-08-17 19:20:27');
INSERT INTO `privilege` (`id`, `name`, `mark`, `remark`, `is_valid`, `update_time`) VALUES ('63', '图床-获取', '/imageHosting/get', '', '1', '2020-08-28 23:10:02');
INSERT INTO `privilege` (`id`, `name`, `mark`, `remark`, `is_valid`, `update_time`) VALUES ('64', '图床-文件改名', '/imageHosting/changeName', '', '1', '2020-08-28 23:13:58');
INSERT INTO `privilege` (`id`, `name`, `mark`, `remark`, `is_valid`, `update_time`) VALUES ('65', '网盘-文件改名', '/cloudDrive/changeName', '', '1', '2020-08-28 23:14:27');
INSERT INTO `privilege` (`id`, `name`, `mark`, `remark`, `is_valid`, `update_time`) VALUES ('66', '图床-删除', '/imageHosting/delete', '', '1', '2020-08-28 23:30:15');
INSERT INTO `privilege` (`id`, `name`, `mark`, `remark`, `is_valid`, `update_time`) VALUES ('67', '图床-保存', '/imageHosting/save', '', '1', '2020-08-29 21:48:47');
INSERT INTO `privilege` (`id`, `name`, `mark`, `remark`, `is_valid`, `update_time`) VALUES ('68', '翻译-翻译文本', '/translator/translate', '', '1', '2020-09-04 17:44:33');
INSERT INTO `privilege_role` (`id`, `privilege_id`, `role_id`, `is_valid`) VALUES ('1', '1', '1', '1');
INSERT INTO `privilege_role` (`id`, `privilege_id`, `role_id`, `is_valid`) VALUES ('2', '2', '1', '1');
INSERT INTO `privilege_role` (`id`, `privilege_id`, `role_id`, `is_valid`) VALUES ('3', '3', '1', '1');
INSERT INTO `privilege_role` (`id`, `privilege_id`, `role_id`, `is_valid`) VALUES ('4', '4', '1', '1');
INSERT INTO `privilege_role` (`id`, `privilege_id`, `role_id`, `is_valid`) VALUES ('5', '5', '1', '1');
INSERT INTO `privilege_role` (`id`, `privilege_id`, `role_id`, `is_valid`) VALUES ('6', '6', '1', '1');
INSERT INTO `privilege_role` (`id`, `privilege_id`, `role_id`, `is_valid`) VALUES ('7', '7', '1', '1');
INSERT INTO `privilege_role` (`id`, `privilege_id`, `role_id`, `is_valid`) VALUES ('8', '8', '1', '1');
INSERT INTO `privilege_role` (`id`, `privilege_id`, `role_id`, `is_valid`) VALUES ('9', '9', '1', '1');
INSERT INTO `privilege_role` (`id`, `privilege_id`, `role_id`, `is_valid`) VALUES ('10', '10', '1', '1');
INSERT INTO `privilege_role` (`id`, `privilege_id`, `role_id`, `is_valid`) VALUES ('11', '11', '1', '1');
INSERT INTO `privilege_role` (`id`, `privilege_id`, `role_id`, `is_valid`) VALUES ('12', '12', '1', '1');
INSERT INTO `privilege_role` (`id`, `privilege_id`, `role_id`, `is_valid`) VALUES ('13', '13', '1', '1');
INSERT INTO `privilege_role` (`id`, `privilege_id`, `role_id`, `is_valid`) VALUES ('14', '14', '1', '1');
INSERT INTO `privilege_role` (`id`, `privilege_id`, `role_id`, `is_valid`) VALUES ('15', '15', '1', '1');
INSERT INTO `privilege_role` (`id`, `privilege_id`, `role_id`, `is_valid`) VALUES ('16', '16', '1', '1');
INSERT INTO `privilege_role` (`id`, `privilege_id`, `role_id`, `is_valid`) VALUES ('17', '17', '1', '1');
INSERT INTO `privilege_role` (`id`, `privilege_id`, `role_id`, `is_valid`) VALUES ('18', '18', '1', '1');
INSERT INTO `privilege_role` (`id`, `privilege_id`, `role_id`, `is_valid`) VALUES ('19', '19', '1', '1');
INSERT INTO `privilege_role` (`id`, `privilege_id`, `role_id`, `is_valid`) VALUES ('20', '20', '1', '1');
INSERT INTO `privilege_role` (`id`, `privilege_id`, `role_id`, `is_valid`) VALUES ('21', '21', '1', '1');
INSERT INTO `privilege_role` (`id`, `privilege_id`, `role_id`, `is_valid`) VALUES ('22', '22', '1', '1');
INSERT INTO `privilege_role` (`id`, `privilege_id`, `role_id`, `is_valid`) VALUES ('23', '23', '1', '1');
INSERT INTO `privilege_role` (`id`, `privilege_id`, `role_id`, `is_valid`) VALUES ('24', '24', '1', '1');
INSERT INTO `privilege_role` (`id`, `privilege_id`, `role_id`, `is_valid`) VALUES ('25', '25', '1', '1');
INSERT INTO `privilege_role` (`id`, `privilege_id`, `role_id`, `is_valid`) VALUES ('26', '26', '1', '1');
INSERT INTO `privilege_role` (`id`, `privilege_id`, `role_id`, `is_valid`) VALUES ('27', '27', '1', '1');
INSERT INTO `privilege_role` (`id`, `privilege_id`, `role_id`, `is_valid`) VALUES ('28', '28', '1', '1');
INSERT INTO `privilege_role` (`id`, `privilege_id`, `role_id`, `is_valid`) VALUES ('29', '29', '1', '1');
INSERT INTO `privilege_role` (`id`, `privilege_id`, `role_id`, `is_valid`) VALUES ('30', '30', '1', '1');
INSERT INTO `privilege_role` (`id`, `privilege_id`, `role_id`, `is_valid`) VALUES ('31', '31', '1', '1');
INSERT INTO `privilege_role` (`id`, `privilege_id`, `role_id`, `is_valid`) VALUES ('32', '32', '1', '1');
INSERT INTO `privilege_role` (`id`, `privilege_id`, `role_id`, `is_valid`) VALUES ('33', '33', '1', '1');
INSERT INTO `privilege_role` (`id`, `privilege_id`, `role_id`, `is_valid`) VALUES ('34', '34', '1', '1');
INSERT INTO `privilege_role` (`id`, `privilege_id`, `role_id`, `is_valid`) VALUES ('35', '35', '1', '1');
INSERT INTO `privilege_role` (`id`, `privilege_id`, `role_id`, `is_valid`) VALUES ('36', '36', '1', '1');
INSERT INTO `privilege_role` (`id`, `privilege_id`, `role_id`, `is_valid`) VALUES ('37', '37', '1', '1');
INSERT INTO `privilege_role` (`id`, `privilege_id`, `role_id`, `is_valid`) VALUES ('38', '38', '1', '1');
INSERT INTO `privilege_role` (`id`, `privilege_id`, `role_id`, `is_valid`) VALUES ('39', '39', '1', '1');
INSERT INTO `privilege_role` (`id`, `privilege_id`, `role_id`, `is_valid`) VALUES ('40', '40', '1', '1');
INSERT INTO `privilege_role` (`id`, `privilege_id`, `role_id`, `is_valid`) VALUES ('41', '41', '1', '1');
INSERT INTO `privilege_role` (`id`, `privilege_id`, `role_id`, `is_valid`) VALUES ('42', '42', '1', '1');
INSERT INTO `privilege_role` (`id`, `privilege_id`, `role_id`, `is_valid`) VALUES ('43', '43', '1', '1');
INSERT INTO `privilege_role` (`id`, `privilege_id`, `role_id`, `is_valid`) VALUES ('44', '44', '1', '1');
INSERT INTO `privilege_role` (`id`, `privilege_id`, `role_id`, `is_valid`) VALUES ('45', '45', '1', '1');
INSERT INTO `privilege_role` (`id`, `privilege_id`, `role_id`, `is_valid`) VALUES ('46', '46', '1', '1');
INSERT INTO `privilege_role` (`id`, `privilege_id`, `role_id`, `is_valid`) VALUES ('47', '47', '1', '1');
INSERT INTO `privilege_role` (`id`, `privilege_id`, `role_id`, `is_valid`) VALUES ('48', '48', '1', '1');
INSERT INTO `privilege_role` (`id`, `privilege_id`, `role_id`, `is_valid`) VALUES ('49', '49', '1', '1');
INSERT INTO `privilege_role` (`id`, `privilege_id`, `role_id`, `is_valid`) VALUES ('50', '50', '1', '1');
INSERT INTO `privilege_role` (`id`, `privilege_id`, `role_id`, `is_valid`) VALUES ('51', '51', '1', '1');
INSERT INTO `privilege_role` (`id`, `privilege_id`, `role_id`, `is_valid`) VALUES ('52', '52', '1', '1');
INSERT INTO `privilege_role` (`id`, `privilege_id`, `role_id`, `is_valid`) VALUES ('53', '53', '1', '1');
INSERT INTO `privilege_role` (`id`, `privilege_id`, `role_id`, `is_valid`) VALUES ('54', '54', '1', '1');
INSERT INTO `privilege_role` (`id`, `privilege_id`, `role_id`, `is_valid`) VALUES ('55', '55', '1', '1');
INSERT INTO `privilege_role` (`id`, `privilege_id`, `role_id`, `is_valid`) VALUES ('56', '56', '1', '1');
INSERT INTO `privilege_role` (`id`, `privilege_id`, `role_id`, `is_valid`) VALUES ('57', '57', '1', '1');
INSERT INTO `privilege_role` (`id`, `privilege_id`, `role_id`, `is_valid`) VALUES ('58', '58', '1', '1');
INSERT INTO `privilege_role` (`id`, `privilege_id`, `role_id`, `is_valid`) VALUES ('59', '59', '1', '1');
INSERT INTO `privilege_role` (`id`, `privilege_id`, `role_id`, `is_valid`) VALUES ('60', '60', '1', '1');
INSERT INTO `privilege_role` (`id`, `privilege_id`, `role_id`, `is_valid`) VALUES ('61', '61', '1', '1');
INSERT INTO `privilege_role` (`id`, `privilege_id`, `role_id`, `is_valid`) VALUES ('62', '62', '1', '1');
INSERT INTO `privilege_role` (`id`, `privilege_id`, `role_id`, `is_valid`) VALUES ('63', '63', '1', '1');
INSERT INTO `privilege_role` (`id`, `privilege_id`, `role_id`, `is_valid`) VALUES ('64', '64', '1', '1');
INSERT INTO `privilege_role` (`id`, `privilege_id`, `role_id`, `is_valid`) VALUES ('65', '65', '1', '1');
INSERT INTO `privilege_role` (`id`, `privilege_id`, `role_id`, `is_valid`) VALUES ('66', '66', '1', '1');
INSERT INTO `privilege_role` (`id`, `privilege_id`, `role_id`, `is_valid`) VALUES ('67', '67', '1', '1');
INSERT INTO `privilege_role` (`id`, `privilege_id`, `role_id`, `is_valid`) VALUES ('68', '68', '1', '1');
INSERT INTO `user` (`id`, `name`, `login_name`, `password`, `stable_salt`, `salt`, `salt_expire_time`, `role_id`, `email`, `wechat_key`, `is_valid`, `create_time`, `update_time`) VALUES (1, '管理员', 'admin', '71f11204b9cbf6ef09e83e43dda7399e', 'fndTb5mWFA6JYtdW1AKJvQSzZ3ERpVt0YupukTjI', 'SX2JQywwb13zhlt7uPPXh8Bne6V40JL2RwD3L6Wh', '2019-10-28 11:35:37', 1, 'my_email@my_email.cn', 'my_wechat_key', 1, '2019-08-21 16:46:21.981898', '2019-08-21 16:46:21.981898');
INSERT INTO `role` (`id`, `name`, `is_valid`, `update_time`) VALUES ('1', '管理员', '1', '2019-10-28 11:35:37');
INSERT INTO `widget` (`id`, `name`, `is_valid`, `span`, `buttons`, `auto_update`, `update_time`) VALUES ('1', 'weather', '1', '8', '[\'add\', \'sort\']', '1800000', '2019-10-28 11:35:37');
INSERT INTO `widget` (`id`, `name`, `is_valid`, `span`, `buttons`, `auto_update`, `update_time`) VALUES ('2', 'bookmarks', '1', '8', '[\'add\', \'sort\']', '0', '2019-10-28 11:35:37');
INSERT INTO `widget` (`id`, `name`, `is_valid`, `span`, `buttons`, `auto_update`, `update_time`) VALUES ('3', 'app', '1', '8', '[\'add\', \'sort\', \'notify\']', '1800000', '2019-10-28 11:35:37');
INSERT INTO `widget` (`id`, `name`, `is_valid`, `span`, `buttons`, `auto_update`, `update_time`) VALUES ('4', 'gold', '1', '8', '[\'setting\', \'notify\']', '1800000', '2019-10-28 11:35:37');
INSERT INTO `widget` (`id`, `name`, `is_valid`, `span`, `buttons`, `auto_update`, `update_time`) VALUES ('5', 'notes', '1', '8', '[\'add\', \'revert\']', '180000', '2019-10-28 11:35:37');
INSERT INTO `widget` (`id`, `name`, `name_zh`, `is_valid`, `span`, `buttons`, `auto_update`, `update_time`) VALUES ('6', 'translator', '翻译', '1', '8', '[]', '0', '2019-10-28 11:35:37');
INSERT INTO `widget_suite` (`id`, `name`, `user_id`, `order`, `is_valid`, `detail`, `update_time`) VALUES ('1', '基本组件', '0', '1', '1', '[1,2,4]', '2019-10-28 11:35:37');
INSERT INTO `widget_suite` (`id`, `name`, `user_id`, `order`, `is_valid`, `detail`, `update_time`) VALUES ('2', '常用', '1', '1', '1', '[1,2,6]', '2019-10-28 11:35:37');
INSERT INTO `widget_suite` (`id`, `name`, `user_id`, `order`, `is_valid`, `detail`, `update_time`) VALUES ('3', '其他', '1', '1', '1', '[3,4,5]', '2019-10-28 11:35:37');
INSERT INTO `script_sub_system` (`id`, `name`, `user_id`, `is_valid`, `update_time`) VALUES ('1', '定时任务', '1', '1', '2020-06-17 11:44:00');
INSERT INTO `script` (`id`, `name`, `sub_system_id`, `start_folder`, `start_script`, `type`, `runs`, `is_valid`, `version`, `user`, `update_time`) VALUES ('1', '推送', '1', '/home/pi/Documents/Github/PersonalHomepage/backend/app/push', 'python3 push_function.py', '1', '4', '1', '1', '管理员', '2020-06-17 16:27:03');
INSERT INTO `script` (`id`, `name`, `sub_system_id`, `start_folder`, `start_script`, `type`, `runs`, `is_valid`, `version`, `user`, `update_time`) VALUES ('2', 'App价格获取', '1', '/home/pi/Documents/Github/PersonalHomepage/backend/app/app_price_monitor', 'python3 app_price_spider.py', '1', '4', '1', '1', '管理员', '2020-06-17 16:28:25');
INSERT INTO `script` (`id`, `name`, `sub_system_id`, `start_folder`, `start_script`, `type`, `runs`, `is_valid`, `version`, `user`, `update_time`) VALUES ('3', '黄金价格获取', '1', '/home/pi/Documents/Github/PersonalHomepage/backend/app/gold_price_monitor', 'python3 gold_price_spider.py', '1', '10', '1', '1', '管理员', '2020-07-01 16:58:23');
INSERT INTO `script` (`id`, `name`, `sub_system_id`, `start_folder`, `start_script`, `type`, `runs`, `is_valid`, `version`, `user`, `update_time`) VALUES ('4', '生成短链接', '3', '/home/pi/Documents/Github/PersonalHomepage/backend/app/short_url', 'python3 -u function.py %原始内容% %类型%', '2', '17', '1', '8', '管理员', '2020-08-17 18:03:27');
INSERT INTO `script_detail` (`id`, `script_id`, `type`, `label`, `value`, `place_holder`, `options`, `createable`, `disabled`, `extra_button`, `extra_button_label`, `extra_button_script`, `remark`, `is_important`, `is_valid`, `visible`, `version`, `user`, `update_time`) VALUES ('1', '1', 'input', '无需参数', '直接运行', '', '', '0', '1', '0', '', '', '', '0', '1', '1', '1', '管理员', '2020-06-17 16:27:03');
INSERT INTO `script_detail` (`id`, `script_id`, `type`, `label`, `value`, `place_holder`, `options`, `createable`, `disabled`, `extra_button`, `extra_button_label`, `extra_button_script`, `remark`, `is_important`, `is_valid`, `visible`, `version`, `user`, `update_time`) VALUES ('2', '2', 'input', '无需参数', '直接运行', '', '', '0', '1', '0', '', '', '', '0', '1', '1', '1', '管理员', '2020-06-17 16:28:25');
INSERT INTO `script_detail` (`id`, `script_id`, `type`, `label`, `value`, `place_holder`, `options`, `createable`, `disabled`, `extra_button`, `extra_button_label`, `extra_button_script`, `remark`, `is_important`, `is_valid`, `visible`, `version`, `user`, `update_time`) VALUES ('3', '3', 'input', '无需参数', '直接运行', '', '', '0', '1', '0', '', '', '', '0', '1', '1', '1', '管理员', '2020-07-01 16:58:23');
INSERT INTO `script_detail` (`id`, `script_id`, `type`, `label`, `value`, `place_holder`, `options`, `createable`, `disabled`, `extra_button`, `extra_button_label`, `extra_button_script`, `remark`, `is_important`, `is_valid`, `visible`, `version`, `user`, `update_time`) VALUES ('4', '4', 'input', '原始内容', '', '完整填写url，即包含\"http(s)://\"，如: https://baidu.com', '[]', '0', '0', '0', '', '', '', '1', '1', '1', '8', '管理员', '2020-08-17 18:03:27');
INSERT INTO `script_detail` (`id`, `script_id`, `type`, `label`, `value`, `place_holder`, `options`, `createable`, `disabled`, `extra_button`, `extra_button_label`, `extra_button_script`, `remark`, `is_important`, `is_valid`, `visible`, `version`, `user`, `update_time`) VALUES ('5', '4', 'select', '类型', '1', '', '[{\'label\': \'URL\', \'value\': \'1\'}]', '0', '0', '0', '', '', '当前仅支持缩短URL', '1', '1', '1', '8', '管理员', '2020-08-17 18:03:27');
INSERT INTO `script_schedule` (`id`, `script_id`, `command`, `detail`, `version`, `user_id`, `is_valid`, `is_automatic`, `interval`, `interval_raw`, `interval_unit`, `trigger_time`, `update_time`) VALUES ('1', '1', 'cd /home/pi/Documents/Github/PersonalHomepage/backend/app/push && python3 push_function.py 直接运行', '{\'无需参数\': \'直接运行\'}', '1', '1', '1', '1', '1', '1', '1', '2020-06-20 00:00:00', '2020-06-19 14:54:41');
INSERT INTO `script_schedule` (`id`, `script_id`, `command`, `detail`, `version`, `user_id`, `is_valid`, `is_automatic`, `interval`, `interval_raw`, `interval_unit`, `trigger_time`, `update_time`) VALUES ('2', '2', 'cd /home/pi/Documents/Github/PersonalHomepage/backend/app/app_price_monitor && python3 app_price_spider.py 直接运行', '{\'无需参数\': \'直接运行\'}', '1', '1', '1', '1', '6', '6', '1', '2020-06-20 00:15:00', '2020-06-19 14:57:29');
INSERT INTO `script_schedule` (`id`, `script_id`, `command`, `detail`, `version`, `user_id`, `is_valid`, `is_automatic`, `interval`, `interval_raw`, `interval_unit`, `trigger_time`, `update_time`) VALUES ('361', '3', 'cd /home/pi/Documents/Github/PersonalHomepage/backend/app/gold_price_monitor && python3 gold_price_spider.py 直接运行', '{\'无需参数\': \'直接运行\'}', '1', '1', '1', '1', '2', '2', '1', '2020-06-20 00:30:00', '2020-07-01 17:12:51');
INSERT INTO `weather_location` (`id`, `location`, `user_id`, `is_valid`, `update_time`) VALUES ('1', '长春', '1', '1', '2019-10-28 11:35:37');
INSERT INTO `app` (`id`, `name`, `url`, `user_id`, `expect_price`, `order`, `is_valid`, `update_time`) VALUES ('1', 'gorogoa', 'https://apps.apple.com/cn/app/gorogoa/id1269225754?ign-mpt=uo%3D4', '1', '0', '1', '1', '2020-07-22 15:20:46');
INSERT INTO `gold_price` (`id`, `price`, `update_time`) VALUES ('1', '400.7', '2020-07-01 16:51:51');