{
  "id": "1482668",
  "name": "个人图标包",
  "font_family": "iconfont",
  "css_prefix_text": "icon-",
  "description": "",
  "glyphs": [
    {
      "icon_id": "6986741",
      "name": "bug-report",
      "font_class": "bug-report",
      "unicode": "e886",
      "unicode_decimal": 59526
    },
    {
      "icon_id": "6986744",
      "name": "card-giftcard",
      "font_class": "card-giftcard",
      "unicode": "e887",
      "unicode_decimal": 59527
    },
    {
      "icon_id": "6986769",
      "name": "explore",
      "font_class": "explore",
      "unicode": "e893",
      "unicode_decimal": 59539
    },
    {
      "icon_id": "6986779",
      "name": "flight-takeoff",
      "font_class": "flight-takeoff",
      "unicode": "e897",
      "unicode_decimal": 59543
    },
    {
      "icon_id": "6986786",
      "name": "g-translate",
      "font_class": "g-translate",
      "unicode": "e89b",
      "unicode_decimal": 59547
    },
    {
      "icon_id": "6986794",
      "name": "http",
      "font_class": "http",
      "unicode": "e89d",
      "unicode_decimal": 59549
    },
    {
      "icon_id": "6986804",
      "name": "language",
      "font_class": "language",
      "unicode": "e8a2",
      "unicode_decimal": 59554
    },
    {
      "icon_id": "6986848",
      "name": "room",
      "font_class": "room",
      "unicode": "e8b8",
      "unicode_decimal": 59576
    },
    {
      "icon_id": "6986872",
      "name": "shopping-basket",
      "font_class": "shopping-basket",
      "unicode": "e8c1",
      "unicode_decimal": 59585
    },
    {
      "icon_id": "6986879",
      "name": "store",
      "font_class": "store",
      "unicode": "e8c4",
      "unicode_decimal": 59588
    },
    {
      "icon_id": "6986894",
      "name": "today",
      "font_class": "today",
      "unicode": "e8ca",
      "unicode_decimal": 59594
    },
    {
      "icon_id": "6986897",
      "name": "translate",
      "font_class": "translate",
      "unicode": "e8cc",
      "unicode_decimal": 59596
    },
    {
      "icon_id": "6986900",
      "name": "trending-up",
      "font_class": "trending-up",
      "unicode": "e8cd",
      "unicode_decimal": 59597
    },
    {
      "icon_id": "6986905",
      "name": "verified-user",
      "font_class": "verified-user",
      "unicode": "e8cf",
      "unicode_decimal": 59599
    },
    {
      "icon_id": "6986938",
      "name": "album",
      "font_class": "album",
      "unicode": "e8dc",
      "unicode_decimal": 59612
    },
    {
      "icon_id": "6986986",
      "name": "radio",
      "font_class": "radio",
      "unicode": "e905",
      "unicode_decimal": 59653
    },
    {
      "icon_id": "6987112",
      "name": "airplanemode-active",
      "font_class": "airplanemode-active",
      "unicode": "e970",
      "unicode_decimal": 59760
    },
    {
      "icon_id": "6988059",
      "name": "headset",
      "font_class": "headset",
      "unicode": "eb75",
      "unicode_decimal": 60277
    },
    {
      "icon_id": "6988062",
      "name": "keyboard",
      "font_class": "keyboard",
      "unicode": "eb76",
      "unicode_decimal": 60278
    },
    {
      "icon_id": "6988070",
      "name": "laptop",
      "font_class": "laptop",
      "unicode": "eb7d",
      "unicode_decimal": 60285
    },
    {
      "icon_id": "6988076",
      "name": "mouse",
      "font_class": "mouse",
      "unicode": "eb7f",
      "unicode_decimal": 60287
    },
    {
      "icon_id": "6988080",
      "name": "phone-iphone",
      "font_class": "phone-iphone",
      "unicode": "eb81",
      "unicode_decimal": 60289
    },
    {
      "icon_id": "6988086",
      "name": "security",
      "font_class": "security",
      "unicode": "eb84",
      "unicode_decimal": 60292
    },
    {
      "icon_id": "6988087",
      "name": "speaker",
      "font_class": "speaker",
      "unicode": "eb85",
      "unicode_decimal": 60293
    },
    {
      "icon_id": "6988092",
      "name": "tv",
      "font_class": "tv",
      "unicode": "eb86",
      "unicode_decimal": 60294
    },
    {
      "icon_id": "6988094",
      "name": "toys",
      "font_class": "toys",
      "unicode": "eb87",
      "unicode_decimal": 60295
    },
    {
      "icon_id": "6988095",
      "name": "videogame-asset",
      "font_class": "videogame-asset",
      "unicode": "eb88",
      "unicode_decimal": 60296
    },
    {
      "icon_id": "6988096",
      "name": "watch",
      "font_class": "watch",
      "unicode": "eb89",
      "unicode_decimal": 60297
    },
    {
      "icon_id": "6988118",
      "name": "brush",
      "font_class": "brush",
      "unicode": "eb92",
      "unicode_decimal": 60306
    },
    {
      "icon_id": "6988127",
      "name": "collections",
      "font_class": "collections",
      "unicode": "eb98",
      "unicode_decimal": 60312
    },
    {
      "icon_id": "6988129",
      "name": "color-lens",
      "font_class": "color-lens",
      "unicode": "eb99",
      "unicode_decimal": 60313
    },
    {
      "icon_id": "6988207",
      "name": "musnote",
      "font_class": "musnote",
      "unicode": "ebcc",
      "unicode_decimal": 60364
    },
    {
      "icon_id": "6988220",
      "name": "palette",
      "font_class": "palette",
      "unicode": "ebd4",
      "unicode_decimal": 60372
    },
    {
      "icon_id": "6988286",
      "name": "flight",
      "font_class": "flight",
      "unicode": "ebf2",
      "unicode_decimal": 60402
    },
    {
      "icon_id": "6988292",
      "name": "local-activity",
      "font_class": "local-activity",
      "unicode": "ebf5",
      "unicode_decimal": 60405
    },
    {
      "icon_id": "6988293",
      "name": "local-atm",
      "font_class": "local-atm",
      "unicode": "ebf6",
      "unicode_decimal": 60406
    },
    {
      "icon_id": "6988294",
      "name": "local-bar",
      "font_class": "local-bar",
      "unicode": "ebf7",
      "unicode_decimal": 60407
    },
    {
      "icon_id": "6988295",
      "name": "local-cafe",
      "font_class": "local-cafe",
      "unicode": "ebf8",
      "unicode_decimal": 60408
    },
    {
      "icon_id": "6988300",
      "name": "local-florist",
      "font_class": "local-florist",
      "unicode": "ebf9",
      "unicode_decimal": 60409
    },
    {
      "icon_id": "6988321",
      "name": "local-taxi",
      "font_class": "local-taxi",
      "unicode": "ec03",
      "unicode_decimal": 60419
    },
    {
      "icon_id": "6988330",
      "name": "restaurant-menu",
      "font_class": "restaurant-menu",
      "unicode": "ec08",
      "unicode_decimal": 60424
    },
    {
      "icon_id": "6988331",
      "name": "restaurant",
      "font_class": "restaurant",
      "unicode": "ec09",
      "unicode_decimal": 60425
    },
    {
      "icon_id": "6988335",
      "name": "terrain",
      "font_class": "terrain",
      "unicode": "ec0b",
      "unicode_decimal": 60427
    },
    {
      "icon_id": "6988336",
      "name": "subway",
      "font_class": "subway",
      "unicode": "ec0c",
      "unicode_decimal": 60428
    },
    {
      "icon_id": "6988338",
      "name": "train",
      "font_class": "train",
      "unicode": "ec0d",
      "unicode_decimal": 60429
    },
    {
      "icon_id": "6988430",
      "name": "time-to-leave",
      "font_class": "time-to-leave",
      "unicode": "ec3b",
      "unicode_decimal": 60475
    },
    {
      "icon_id": "6988442",
      "name": "airport-shuttle",
      "font_class": "airport-shuttle",
      "unicode": "ec3f",
      "unicode_decimal": 60479
    },
    {
      "icon_id": "6988444",
      "name": "beach-access",
      "font_class": "beach-access",
      "unicode": "ec40",
      "unicode_decimal": 60480
    },
    {
      "icon_id": "6988452",
      "name": "golf-course",
      "font_class": "golf-course",
      "unicode": "ec46",
      "unicode_decimal": 60486
    },
    {
      "icon_id": "6988460",
      "name": "spa",
      "font_class": "spa",
      "unicode": "ec4a",
      "unicode_decimal": 60490
    },
    {
      "icon_id": "6988466",
      "name": "cake",
      "font_class": "cake",
      "unicode": "ec4b",
      "unicode_decimal": 60491
    },
    {
      "icon_id": "6988487",
      "name": "publ48px",
      "font_class": "publpx",
      "unicode": "ec53",
      "unicode_decimal": 60499
    },
    {
      "icon_id": "6988488",
      "name": "school",
      "font_class": "school",
      "unicode": "ec54",
      "unicode_decimal": 60500
    },
    {
      "icon_id": "6988495",
      "name": "whatshot",
      "font_class": "whatshot",
      "unicode": "ec57",
      "unicode_decimal": 60503
    },
    {
      "icon_id": "5203232",
      "name": "地图",
      "font_class": "ditu",
      "unicode": "e6ac",
      "unicode_decimal": 59052
    },
    {
      "icon_id": "1278132",
      "name": "晴",
      "font_class": "qing",
      "unicode": "e690",
      "unicode_decimal": 59024
    },
    {
      "icon_id": "1278671",
      "name": "沙尘暴",
      "font_class": "shachenbao",
      "unicode": "e691",
      "unicode_decimal": 59025
    },
    {
      "icon_id": "1278673",
      "name": "沙尘",
      "font_class": "shachen",
      "unicode": "e692",
      "unicode_decimal": 59026
    },
    {
      "icon_id": "1278674",
      "name": "强沙尘暴",
      "font_class": "qiangshachenbao",
      "unicode": "e693",
      "unicode_decimal": 59027
    },
    {
      "icon_id": "1278675",
      "name": "扬沙",
      "font_class": "yangsha",
      "unicode": "e694",
      "unicode_decimal": 59028
    },
    {
      "icon_id": "1278754",
      "name": "霾",
      "font_class": "mai",
      "unicode": "e695",
      "unicode_decimal": 59029
    },
    {
      "icon_id": "1693670",
      "name": "大雨",
      "font_class": "dayu",
      "unicode": "e696",
      "unicode_decimal": 59030
    },
    {
      "icon_id": "1693671",
      "name": "多云",
      "font_class": "duoyun",
      "unicode": "e697",
      "unicode_decimal": 59031
    },
    {
      "icon_id": "1693673",
      "name": "多云转阴",
      "font_class": "duoyunzhuanyin",
      "unicode": "e698",
      "unicode_decimal": 59032
    },
    {
      "icon_id": "1693674",
      "name": "小雨",
      "font_class": "xiaoyu",
      "unicode": "e699",
      "unicode_decimal": 59033
    },
    {
      "icon_id": "1693675",
      "name": "中雨",
      "font_class": "zhongyu",
      "unicode": "e69a",
      "unicode_decimal": 59034
    },
    {
      "icon_id": "1693676",
      "name": "暴雨",
      "font_class": "baoyu",
      "unicode": "e69b",
      "unicode_decimal": 59035
    },
    {
      "icon_id": "1693677",
      "name": "雾",
      "font_class": "wu",
      "unicode": "e69c",
      "unicode_decimal": 59036
    },
    {
      "icon_id": "1693678",
      "name": "雷阵雨",
      "font_class": "leizhenyu",
      "unicode": "e69d",
      "unicode_decimal": 59037
    },
    {
      "icon_id": "1693679",
      "name": "雾霾",
      "font_class": "wumai",
      "unicode": "e69e",
      "unicode_decimal": 59038
    },
    {
      "icon_id": "1693680",
      "name": "小雪",
      "font_class": "xiaoxue",
      "unicode": "e69f",
      "unicode_decimal": 59039
    },
    {
      "icon_id": "1693681",
      "name": "暴雪",
      "font_class": "baoxue",
      "unicode": "e6a0",
      "unicode_decimal": 59040
    },
    {
      "icon_id": "1693682",
      "name": "冰雹",
      "font_class": "bingbao",
      "unicode": "e6a1",
      "unicode_decimal": 59041
    },
    {
      "icon_id": "1693683",
      "name": "大雪",
      "font_class": "daxue",
      "unicode": "e6a2",
      "unicode_decimal": 59042
    },
    {
      "icon_id": "1693684",
      "name": "雷阵雪",
      "font_class": "leizhenxue",
      "unicode": "e6a3",
      "unicode_decimal": 59043
    },
    {
      "icon_id": "1693685",
      "name": "雨夹雪",
      "font_class": "yujiaxue",
      "unicode": "e6a4",
      "unicode_decimal": 59044
    },
    {
      "icon_id": "1693686",
      "name": "中雪",
      "font_class": "zhongxue",
      "unicode": "e6a5",
      "unicode_decimal": 59045
    },
    {
      "icon_id": "1693687",
      "name": "风",
      "font_class": "feng",
      "unicode": "e6a6",
      "unicode_decimal": 59046
    },
    {
      "icon_id": "1693688",
      "name": "沙尘",
      "font_class": "shachen1",
      "unicode": "e6a7",
      "unicode_decimal": 59047
    },
    {
      "icon_id": "1693689",
      "name": "沙尘暴",
      "font_class": "shachengbao",
      "unicode": "e6a8",
      "unicode_decimal": 59048
    },
    {
      "icon_id": "1693690",
      "name": "台风",
      "font_class": "taifeng",
      "unicode": "e6a9",
      "unicode_decimal": 59049
    },
    {
      "icon_id": "4237225",
      "name": "PM2.5",
      "font_class": "PM",
      "unicode": "e6aa",
      "unicode_decimal": 59050
    },
    {
      "icon_id": "5147483",
      "name": "空气质量",
      "font_class": "app_icons--",
      "unicode": "e6ab",
      "unicode_decimal": 59051
    },
    {
      "icon_id": "15919",
      "name": "天猫超市-购物车",
      "font_class": "cart",
      "unicode": "e600",
      "unicode_decimal": 58880
    },
    {
      "icon_id": "201221",
      "name": "3.1购物车-选中",
      "font_class": "cart-fill",
      "unicode": "e68f",
      "unicode_decimal": 59023
    },
    {
      "icon_id": "721656",
      "name": "模块",
      "font_class": "ai-module",
      "unicode": "e630",
      "unicode_decimal": 58928
    },
    {
      "icon_id": "721658",
      "name": "文章",
      "font_class": "ai-article",
      "unicode": "e631",
      "unicode_decimal": 58929
    },
    {
      "icon_id": "721659",
      "name": "代码",
      "font_class": "ai-code",
      "unicode": "e632",
      "unicode_decimal": 58930
    },
    {
      "icon_id": "721661",
      "name": "编辑",
      "font_class": "ai-edit",
      "unicode": "e633",
      "unicode_decimal": 58931
    },
    {
      "icon_id": "721662",
      "name": "复制",
      "font_class": "ai-copy",
      "unicode": "e635",
      "unicode_decimal": 58933
    },
    {
      "icon_id": "721702",
      "name": "设置",
      "font_class": "ai-set",
      "unicode": "e638",
      "unicode_decimal": 58936
    },
    {
      "icon_id": "721703",
      "name": "用户",
      "font_class": "ai-user",
      "unicode": "e639",
      "unicode_decimal": 58937
    },
    {
      "icon_id": "721712",
      "name": "首页",
      "font_class": "ai-home",
      "unicode": "e63b",
      "unicode_decimal": 58939
    },
    {
      "icon_id": "723314",
      "name": "图片列表",
      "font_class": "ai-img-list",
      "unicode": "e64e",
      "unicode_decimal": 58958
    },
    {
      "icon_id": "723317",
      "name": "记事本",
      "font_class": "work-copy",
      "unicode": "e64f",
      "unicode_decimal": 58959
    },
    {
      "icon_id": "723552",
      "name": "活动",
      "font_class": "huodong-copy",
      "unicode": "e650",
      "unicode_decimal": 58960
    },
    {
      "icon_id": "723569",
      "name": "热门",
      "font_class": "ai-hot",
      "unicode": "e651",
      "unicode_decimal": 58961
    },
    {
      "icon_id": "724162",
      "name": "链接",
      "font_class": "ai-link",
      "unicode": "e652",
      "unicode_decimal": 58962
    },
    {
      "icon_id": "724292",
      "name": "简历",
      "font_class": "ai-resume",
      "unicode": "e656",
      "unicode_decimal": 58966
    },
    {
      "icon_id": "724330",
      "name": "公文包",
      "font_class": "ai-briefcase",
      "unicode": "e657",
      "unicode_decimal": 58967
    },
    {
      "icon_id": "724347",
      "name": "日历",
      "font_class": "ai-calendar",
      "unicode": "e658",
      "unicode_decimal": 58968
    },
    {
      "icon_id": "724350",
      "name": "计算器",
      "font_class": "ai-calculator",
      "unicode": "e65d",
      "unicode_decimal": 58973
    },
    {
      "icon_id": "724354",
      "name": "价格",
      "font_class": "jiageprice1-copy",
      "unicode": "e65e",
      "unicode_decimal": 58974
    },
    {
      "icon_id": "724359",
      "name": "阅读",
      "font_class": "yuedureading19-copy",
      "unicode": "e660",
      "unicode_decimal": 58976
    },
    {
      "icon_id": "724396",
      "name": "书",
      "font_class": "ai-book",
      "unicode": "e661",
      "unicode_decimal": 58977
    },
    {
      "icon_id": "791856",
      "name": "购物车",
      "font_class": "ai-cart",
      "unicode": "e662",
      "unicode_decimal": 58978
    },
    {
      "icon_id": "791857",
      "name": "新闻",
      "font_class": "ai-new",
      "unicode": "e663",
      "unicode_decimal": 58979
    },
    {
      "icon_id": "791861",
      "name": "搜索",
      "font_class": "ai-search",
      "unicode": "e66f",
      "unicode_decimal": 58991
    },
    {
      "icon_id": "791883",
      "name": "店铺",
      "font_class": "dianpu-copy",
      "unicode": "e67c",
      "unicode_decimal": 59004
    },
    {
      "icon_id": "795507",
      "name": "收藏",
      "font_class": "ai-mark",
      "unicode": "e67e",
      "unicode_decimal": 59006
    },
    {
      "icon_id": "795508",
      "name": "电话",
      "font_class": "ai-tel",
      "unicode": "e67f",
      "unicode_decimal": 59007
    },
    {
      "icon_id": "795509",
      "name": "眼睛",
      "font_class": "ai-eye",
      "unicode": "e680",
      "unicode_decimal": 59008
    },
    {
      "icon_id": "795513",
      "name": "视频",
      "font_class": "ai-video",
      "unicode": "e684",
      "unicode_decimal": 59012
    },
    {
      "icon_id": "795514",
      "name": "相机",
      "font_class": "ai-camera",
      "unicode": "e687",
      "unicode_decimal": 59015
    },
    {
      "icon_id": "795549",
      "name": "帮助",
      "font_class": "ai-i",
      "unicode": "e68b",
      "unicode_decimal": 59019
    },
    {
      "icon_id": "795551",
      "name": "键盘",
      "font_class": "ai-keyboard",
      "unicode": "e68c",
      "unicode_decimal": 59020
    },
    {
      "icon_id": "795552",
      "name": "钱包",
      "font_class": "ai-wallet",
      "unicode": "e68d",
      "unicode_decimal": 59021
    },
    {
      "icon_id": "795554",
      "name": "利润",
      "font_class": "ai-profit",
      "unicode": "e68e",
      "unicode_decimal": 59022
    },
    {
      "icon_id": "3876071",
      "name": "instagram",
      "font_class": "instagram",
      "unicode": "e627",
      "unicode_decimal": 58919
    },
    {
      "icon_id": "3876077",
      "name": "raspberrypi",
      "font_class": "raspberrypi",
      "unicode": "e62a",
      "unicode_decimal": 58922
    },
    {
      "icon_id": "10918113",
      "name": "ie-line",
      "font_class": "ie-line",
      "unicode": "e776",
      "unicode_decimal": 59254
    },
    {
      "icon_id": "10918114",
      "name": "instagram-line",
      "font_class": "instagram-line",
      "unicode": "e777",
      "unicode_decimal": 59255
    },
    {
      "icon_id": "10918117",
      "name": "github-line",
      "font_class": "github-line",
      "unicode": "e778",
      "unicode_decimal": 59256
    },
    {
      "icon_id": "10918118",
      "name": "linkedin-fill",
      "font_class": "linkedin-fill",
      "unicode": "e779",
      "unicode_decimal": 59257
    },
    {
      "icon_id": "10918119",
      "name": "linkedin-box-line",
      "font_class": "linkedin-box-line",
      "unicode": "e77a",
      "unicode_decimal": 59258
    },
    {
      "icon_id": "10918120",
      "name": "linkedin-box-fill",
      "font_class": "linkedin-box-fill",
      "unicode": "e77b",
      "unicode_decimal": 59259
    },
    {
      "icon_id": "10918121",
      "name": "linkedin-line",
      "font_class": "linkedin-line",
      "unicode": "e77c",
      "unicode_decimal": 59260
    },
    {
      "icon_id": "10918124",
      "name": "mastercard-line",
      "font_class": "mastercard-line",
      "unicode": "e77d",
      "unicode_decimal": 59261
    },
    {
      "icon_id": "10918126",
      "name": "google-line",
      "font_class": "google-line",
      "unicode": "e77e",
      "unicode_decimal": 59262
    },
    {
      "icon_id": "10918131",
      "name": "evernote-fill",
      "font_class": "evernote-fill",
      "unicode": "e77f",
      "unicode_decimal": 59263
    },
    {
      "icon_id": "10918134",
      "name": "firefox-fill",
      "font_class": "firefox-fill",
      "unicode": "e780",
      "unicode_decimal": 59264
    },
    {
      "icon_id": "10918137",
      "name": "mastercard-fill",
      "font_class": "mastercard-fill",
      "unicode": "e781",
      "unicode_decimal": 59265
    },
    {
      "icon_id": "10918141",
      "name": "opera-fill",
      "font_class": "opera-fill",
      "unicode": "e782",
      "unicode_decimal": 59266
    },
    {
      "icon_id": "10918142",
      "name": "netflix-fill",
      "font_class": "netflix-fill",
      "unicode": "e783",
      "unicode_decimal": 59267
    },
    {
      "icon_id": "10918146",
      "name": "google-fill",
      "font_class": "google-fill",
      "unicode": "e784",
      "unicode_decimal": 59268
    },
    {
      "icon_id": "10918147",
      "name": "paypal-line",
      "font_class": "paypal-line",
      "unicode": "e785",
      "unicode_decimal": 59269
    },
    {
      "icon_id": "10918149",
      "name": "playstation-fill",
      "font_class": "playstation-fill",
      "unicode": "e786",
      "unicode_decimal": 59270
    },
    {
      "icon_id": "10918154",
      "name": "qq-fill",
      "font_class": "qq-fill",
      "unicode": "e787",
      "unicode_decimal": 59271
    },
    {
      "icon_id": "10918156",
      "name": "reactjs-fill",
      "font_class": "reactjs-fill",
      "unicode": "e788",
      "unicode_decimal": 59272
    },
    {
      "icon_id": "10918160",
      "name": "safari-fill",
      "font_class": "safari-fill",
      "unicode": "e789",
      "unicode_decimal": 59273
    },
    {
      "icon_id": "10918164",
      "name": "reactjs-line",
      "font_class": "reactjs-line",
      "unicode": "e78a",
      "unicode_decimal": 59274
    },
    {
      "icon_id": "10918165",
      "name": "safari-line",
      "font_class": "safari-line",
      "unicode": "e78b",
      "unicode_decimal": 59275
    },
    {
      "icon_id": "10918167",
      "name": "skype-fill",
      "font_class": "skype-fill",
      "unicode": "e78c",
      "unicode_decimal": 59276
    },
    {
      "icon_id": "10918168",
      "name": "spotify-line",
      "font_class": "spotify-line",
      "unicode": "e78d",
      "unicode_decimal": 59277
    },
    {
      "icon_id": "10918171",
      "name": "stack-overflow-fill",
      "font_class": "stack-overflow-fill",
      "unicode": "e78e",
      "unicode_decimal": 59278
    },
    {
      "icon_id": "10918172",
      "name": "spotify-fill",
      "font_class": "spotify-fill",
      "unicode": "e78f",
      "unicode_decimal": 59279
    },
    {
      "icon_id": "10918173",
      "name": "reddit-line",
      "font_class": "reddit-line",
      "unicode": "e790",
      "unicode_decimal": 59280
    },
    {
      "icon_id": "10918174",
      "name": "telegram-fill",
      "font_class": "telegram-fill",
      "unicode": "e791",
      "unicode_decimal": 59281
    },
    {
      "icon_id": "10918175",
      "name": "stack-overflow-line",
      "font_class": "stack-overflow-line",
      "unicode": "e792",
      "unicode_decimal": 59282
    },
    {
      "icon_id": "10918176",
      "name": "taobao-line",
      "font_class": "taobao-line",
      "unicode": "e793",
      "unicode_decimal": 59283
    },
    {
      "icon_id": "10918177",
      "name": "tumblr-line",
      "font_class": "tumblr-line",
      "unicode": "e794",
      "unicode_decimal": 59284
    },
    {
      "icon_id": "10918178",
      "name": "tumblr-fill",
      "font_class": "tumblr-fill",
      "unicode": "e795",
      "unicode_decimal": 59285
    },
    {
      "icon_id": "10918181",
      "name": "taobao-fill",
      "font_class": "taobao-fill",
      "unicode": "e796",
      "unicode_decimal": 59286
    },
    {
      "icon_id": "10918182",
      "name": "twitter-fill",
      "font_class": "twitter-fill",
      "unicode": "e797",
      "unicode_decimal": 59287
    },
    {
      "icon_id": "10918184",
      "name": "twitch-fill",
      "font_class": "twitch-fill",
      "unicode": "e798",
      "unicode_decimal": 59288
    },
    {
      "icon_id": "10918185",
      "name": "switch-fill",
      "font_class": "switch-fill",
      "unicode": "e799",
      "unicode_decimal": 59289
    },
    {
      "icon_id": "10918186",
      "name": "ubuntu-fill",
      "font_class": "ubuntu-fill",
      "unicode": "e79a",
      "unicode_decimal": 59290
    },
    {
      "icon_id": "10918187",
      "name": "vuejs-fill",
      "font_class": "vuejs-fill",
      "unicode": "e79b",
      "unicode_decimal": 59291
    },
    {
      "icon_id": "10918189",
      "name": "ubuntu-line",
      "font_class": "ubuntu-line",
      "unicode": "e79c",
      "unicode_decimal": 59292
    },
    {
      "icon_id": "10918190",
      "name": "twitter-line",
      "font_class": "twitter-line",
      "unicode": "e79d",
      "unicode_decimal": 59293
    },
    {
      "icon_id": "10918192",
      "name": "wechat-2-fill",
      "font_class": "wechat--fill",
      "unicode": "e79e",
      "unicode_decimal": 59294
    },
    {
      "icon_id": "10918193",
      "name": "wechat-2-line",
      "font_class": "wechat--line",
      "unicode": "e79f",
      "unicode_decimal": 59295
    },
    {
      "icon_id": "10918195",
      "name": "windows-fill",
      "font_class": "windows-fill",
      "unicode": "e7a0",
      "unicode_decimal": 59296
    },
    {
      "icon_id": "10918196",
      "name": "wechat-fill",
      "font_class": "wechat-fill",
      "unicode": "e7a1",
      "unicode_decimal": 59297
    },
    {
      "icon_id": "10918197",
      "name": "weibo-line",
      "font_class": "weibo-line",
      "unicode": "e7a2",
      "unicode_decimal": 59298
    },
    {
      "icon_id": "10918198",
      "name": "switch-line",
      "font_class": "switch-line",
      "unicode": "e7a3",
      "unicode_decimal": 59299
    },
    {
      "icon_id": "10918199",
      "name": "wechat-line",
      "font_class": "wechat-line",
      "unicode": "e7a4",
      "unicode_decimal": 59300
    },
    {
      "icon_id": "10918202",
      "name": "weibo-fill",
      "font_class": "weibo-fill",
      "unicode": "e7a5",
      "unicode_decimal": 59301
    },
    {
      "icon_id": "10918203",
      "name": "whatsapp-fill",
      "font_class": "whatsapp-fill",
      "unicode": "e7a6",
      "unicode_decimal": 59302
    },
    {
      "icon_id": "10918204",
      "name": "whatsapp-line",
      "font_class": "whatsapp-line",
      "unicode": "e7a7",
      "unicode_decimal": 59303
    },
    {
      "icon_id": "10918205",
      "name": "xbox-line",
      "font_class": "xbox-line",
      "unicode": "e7a8",
      "unicode_decimal": 59304
    },
    {
      "icon_id": "10918209",
      "name": "xbox-fill",
      "font_class": "xbox-fill",
      "unicode": "e7a9",
      "unicode_decimal": 59305
    },
    {
      "icon_id": "10918211",
      "name": "youtube-line",
      "font_class": "youtube-line",
      "unicode": "e7aa",
      "unicode_decimal": 59306
    },
    {
      "icon_id": "10918213",
      "name": "zhihu-line",
      "font_class": "zhihu-line",
      "unicode": "e7ab",
      "unicode_decimal": 59307
    },
    {
      "icon_id": "10918214",
      "name": "zhihu-fill",
      "font_class": "zhihu-fill",
      "unicode": "e7ac",
      "unicode_decimal": 59308
    },
    {
      "icon_id": "10918216",
      "name": "vuejs-line",
      "font_class": "vuejs-line",
      "unicode": "e7ad",
      "unicode_decimal": 59309
    },
    {
      "icon_id": "10918218",
      "name": "wechat-pay-line",
      "font_class": "wechat-pay-line",
      "unicode": "e7ae",
      "unicode_decimal": 59310
    },
    {
      "icon_id": "10918065",
      "name": "alipay-line",
      "font_class": "alipay-line",
      "unicode": "e759",
      "unicode_decimal": 59225
    },
    {
      "icon_id": "10918066",
      "name": "alipay-fill",
      "font_class": "alipay-fill",
      "unicode": "e75a",
      "unicode_decimal": 59226
    },
    {
      "icon_id": "10918067",
      "name": "angularjs-line",
      "font_class": "angularjs-line",
      "unicode": "e75b",
      "unicode_decimal": 59227
    },
    {
      "icon_id": "10918068",
      "name": "android-fill",
      "font_class": "android-fill",
      "unicode": "e75c",
      "unicode_decimal": 59228
    },
    {
      "icon_id": "10918069",
      "name": "angularjs-fill",
      "font_class": "angularjs-fill",
      "unicode": "e75d",
      "unicode_decimal": 59229
    },
    {
      "icon_id": "10918070",
      "name": "apple-fill",
      "font_class": "apple-fill",
      "unicode": "e75e",
      "unicode_decimal": 59230
    },
    {
      "icon_id": "10918071",
      "name": "amazon-line",
      "font_class": "amazon-line",
      "unicode": "e75f",
      "unicode_decimal": 59231
    },
    {
      "icon_id": "10918073",
      "name": "amazon-fill",
      "font_class": "amazon-fill",
      "unicode": "e760",
      "unicode_decimal": 59232
    },
    {
      "icon_id": "10918074",
      "name": "chrome-fill",
      "font_class": "chrome-fill",
      "unicode": "e761",
      "unicode_decimal": 59233
    },
    {
      "icon_id": "10918075",
      "name": "apple-line",
      "font_class": "apple-line",
      "unicode": "e762",
      "unicode_decimal": 59234
    },
    {
      "icon_id": "10918076",
      "name": "baidu-fill",
      "font_class": "baidu-fill",
      "unicode": "e763",
      "unicode_decimal": 59235
    },
    {
      "icon_id": "10918077",
      "name": "bilibili-fill",
      "font_class": "bilibili-fill",
      "unicode": "e764",
      "unicode_decimal": 59236
    },
    {
      "icon_id": "10918080",
      "name": "bilibili-line",
      "font_class": "bilibili-line",
      "unicode": "e765",
      "unicode_decimal": 59237
    },
    {
      "icon_id": "10918081",
      "name": "baidu-line",
      "font_class": "baidu-line",
      "unicode": "e766",
      "unicode_decimal": 59238
    },
    {
      "icon_id": "10918083",
      "name": "dingding-fill",
      "font_class": "dingding-fill",
      "unicode": "e767",
      "unicode_decimal": 59239
    },
    {
      "icon_id": "10918084",
      "name": "douban-line",
      "font_class": "douban-line",
      "unicode": "e768",
      "unicode_decimal": 59240
    },
    {
      "icon_id": "10918089",
      "name": "edge-fill",
      "font_class": "edge-fill",
      "unicode": "e769",
      "unicode_decimal": 59241
    },
    {
      "icon_id": "10918090",
      "name": "dropbox-fill",
      "font_class": "dropbox-fill",
      "unicode": "e76a",
      "unicode_decimal": 59242
    },
    {
      "icon_id": "10918092",
      "name": "edge-line",
      "font_class": "edge-line",
      "unicode": "e76b",
      "unicode_decimal": 59243
    },
    {
      "icon_id": "10918096",
      "name": "evernote-line",
      "font_class": "evernote-line",
      "unicode": "e76c",
      "unicode_decimal": 59244
    },
    {
      "icon_id": "10918098",
      "name": "dingding-line",
      "font_class": "dingding-line",
      "unicode": "e76d",
      "unicode_decimal": 59245
    },
    {
      "icon_id": "10918102",
      "name": "douban-fill",
      "font_class": "douban-fill",
      "unicode": "e76e",
      "unicode_decimal": 59246
    },
    {
      "icon_id": "10918103",
      "name": "dropbox-line",
      "font_class": "dropbox-line",
      "unicode": "e76f",
      "unicode_decimal": 59247
    },
    {
      "icon_id": "10918104",
      "name": "github-fill",
      "font_class": "github-fill",
      "unicode": "e770",
      "unicode_decimal": 59248
    },
    {
      "icon_id": "10918105",
      "name": "gitlab-fill",
      "font_class": "gitlab-fill",
      "unicode": "e771",
      "unicode_decimal": 59249
    },
    {
      "icon_id": "10918106",
      "name": "chrome-line",
      "font_class": "chrome-line",
      "unicode": "e772",
      "unicode_decimal": 59250
    },
    {
      "icon_id": "10918108",
      "name": "gitlab-line",
      "font_class": "gitlab-line",
      "unicode": "e773",
      "unicode_decimal": 59251
    },
    {
      "icon_id": "10918109",
      "name": "firefox-line",
      "font_class": "firefox-line",
      "unicode": "e774",
      "unicode_decimal": 59252
    },
    {
      "icon_id": "10918110",
      "name": "ie-fill",
      "font_class": "ie-fill",
      "unicode": "e775",
      "unicode_decimal": 59253
    },
    {
      "icon_id": "3876046",
      "name": "viber",
      "font_class": "viber",
      "unicode": "e601",
      "unicode_decimal": 58881
    },
    {
      "icon_id": "3876049",
      "name": "adobeaftereffects",
      "font_class": "adobeaftereffects",
      "unicode": "e602",
      "unicode_decimal": 58882
    },
    {
      "icon_id": "3876054",
      "name": "adobeindesign",
      "font_class": "adobeindesign",
      "unicode": "e603",
      "unicode_decimal": 58883
    },
    {
      "icon_id": "3876056",
      "name": "playerme",
      "font_class": "playerme",
      "unicode": "e604",
      "unicode_decimal": 58884
    },
    {
      "icon_id": "3876057",
      "name": "dribbble",
      "font_class": "dribbble",
      "unicode": "e605",
      "unicode_decimal": 58885
    },
    {
      "icon_id": "3876058",
      "name": "gitter",
      "font_class": "gitter",
      "unicode": "e606",
      "unicode_decimal": 58886
    },
    {
      "icon_id": "3876059",
      "name": "justgiving",
      "font_class": "justgiving",
      "unicode": "e607",
      "unicode_decimal": 58887
    },
    {
      "icon_id": "3876060",
      "name": "microsoftonenote",
      "font_class": "microsoftonenote",
      "unicode": "e608",
      "unicode_decimal": 58888
    },
    {
      "icon_id": "3876061",
      "name": "graphql",
      "font_class": "graphql",
      "unicode": "e609",
      "unicode_decimal": 58889
    },
    {
      "icon_id": "3876063",
      "name": "podcasts",
      "font_class": "podcasts",
      "unicode": "e60a",
      "unicode_decimal": 58890
    },
    {
      "icon_id": "3876068",
      "name": "angular",
      "font_class": "angular",
      "unicode": "e60b",
      "unicode_decimal": 58891
    },
    {
      "icon_id": "3876069",
      "name": "foursquare",
      "font_class": "foursquare",
      "unicode": "e60c",
      "unicode_decimal": 58892
    },
    {
      "icon_id": "3876079",
      "name": "macys",
      "font_class": "macys",
      "unicode": "e60d",
      "unicode_decimal": 58893
    },
    {
      "icon_id": "3876081",
      "name": "mastercard",
      "font_class": "mastercard",
      "unicode": "e60e",
      "unicode_decimal": 58894
    },
    {
      "icon_id": "3876082",
      "name": "nintendoswitch",
      "font_class": "nintendoswitch",
      "unicode": "e60f",
      "unicode_decimal": 58895
    },
    {
      "icon_id": "3876085",
      "name": "pinterest",
      "font_class": "pinterest",
      "unicode": "e610",
      "unicode_decimal": 58896
    },
    {
      "icon_id": "3876087",
      "name": "twilio",
      "font_class": "twilio",
      "unicode": "e611",
      "unicode_decimal": 58897
    },
    {
      "icon_id": "3876088",
      "name": "sinaweibo",
      "font_class": "sinaweibo",
      "unicode": "e612",
      "unicode_decimal": 58898
    },
    {
      "icon_id": "3876095",
      "name": "microsoftaccess",
      "font_class": "microsoftaccess",
      "unicode": "e613",
      "unicode_decimal": 58899
    },
    {
      "icon_id": "3876096",
      "name": "netflix",
      "font_class": "netflix",
      "unicode": "e614",
      "unicode_decimal": 58900
    },
    {
      "icon_id": "3876097",
      "name": "airbnb",
      "font_class": "airbnb",
      "unicode": "e615",
      "unicode_decimal": 58901
    },
    {
      "icon_id": "3876099",
      "name": "ebay",
      "font_class": "ebay",
      "unicode": "e616",
      "unicode_decimal": 58902
    },
    {
      "icon_id": "3876104",
      "name": "npm",
      "font_class": "npm",
      "unicode": "e617",
      "unicode_decimal": 58903
    },
    {
      "icon_id": "3876109",
      "name": "tinder",
      "font_class": "tinder",
      "unicode": "e618",
      "unicode_decimal": 58904
    },
    {
      "icon_id": "3876111",
      "name": "youtube",
      "font_class": "youtube",
      "unicode": "e619",
      "unicode_decimal": 58905
    },
    {
      "icon_id": "3876121",
      "name": "tesla",
      "font_class": "tesla",
      "unicode": "e61a",
      "unicode_decimal": 58906
    },
    {
      "icon_id": "3876127",
      "name": "flipboard",
      "font_class": "flipboard",
      "unicode": "e61b",
      "unicode_decimal": 58907
    },
    {
      "icon_id": "3876157",
      "name": "ted",
      "font_class": "ted",
      "unicode": "e61c",
      "unicode_decimal": 58908
    },
    {
      "icon_id": "3876163",
      "name": "jenkins",
      "font_class": "jenkins",
      "unicode": "e61d",
      "unicode_decimal": 58909
    },
    {
      "icon_id": "3876165",
      "name": "redis",
      "font_class": "redis",
      "unicode": "e61e",
      "unicode_decimal": 58910
    },
    {
      "icon_id": "3876176",
      "name": "git",
      "font_class": "git",
      "unicode": "e61f",
      "unicode_decimal": 58911
    },
    {
      "icon_id": "3876177",
      "name": "gitlab",
      "font_class": "gitlab",
      "unicode": "e620",
      "unicode_decimal": 58912
    },
    {
      "icon_id": "3876179",
      "name": "adobeacrobatreader",
      "font_class": "adobeacrobatreader",
      "unicode": "e621",
      "unicode_decimal": 58913
    },
    {
      "icon_id": "3876181",
      "name": "gmail",
      "font_class": "gmail",
      "unicode": "e622",
      "unicode_decimal": 58914
    },
    {
      "icon_id": "3876209",
      "name": "swift",
      "font_class": "swift",
      "unicode": "e623",
      "unicode_decimal": 58915
    },
    {
      "icon_id": "3876211",
      "name": "ubuntu",
      "font_class": "ubuntu",
      "unicode": "e624",
      "unicode_decimal": 58916
    },
    {
      "icon_id": "3876214",
      "name": "html5",
      "font_class": "html",
      "unicode": "e625",
      "unicode_decimal": 58917
    },
    {
      "icon_id": "3876238",
      "name": "stackoverflow",
      "font_class": "stackoverflow",
      "unicode": "e626",
      "unicode_decimal": 58918
    },
    {
      "icon_id": "3876245",
      "name": "sogou",
      "font_class": "sogou",
      "unicode": "e628",
      "unicode_decimal": 58920
    },
    {
      "icon_id": "3876246",
      "name": "sparkpost",
      "font_class": "sparkpost",
      "unicode": "e629",
      "unicode_decimal": 58921
    },
    {
      "icon_id": "3876255",
      "name": "rss",
      "font_class": "rss",
      "unicode": "e62c",
      "unicode_decimal": 58924
    },
    {
      "icon_id": "3876256",
      "name": "mozillafirefox",
      "font_class": "mozillafirefox",
      "unicode": "e62d",
      "unicode_decimal": 58925
    },
    {
      "icon_id": "3876257",
      "name": "amazon",
      "font_class": "amazon",
      "unicode": "e62b",
      "unicode_decimal": 58923
    },
    {
      "icon_id": "3876264",
      "name": "xbox",
      "font_class": "xbox",
      "unicode": "e62e",
      "unicode_decimal": 58926
    },
    {
      "icon_id": "3876269",
      "name": "empirekred",
      "font_class": "empirekred",
      "unicode": "e62f",
      "unicode_decimal": 58927
    },
    {
      "icon_id": "3876283",
      "name": "wechat",
      "font_class": "wechat",
      "unicode": "e634",
      "unicode_decimal": 58932
    },
    {
      "icon_id": "3876286",
      "name": "javascript",
      "font_class": "javascript",
      "unicode": "e636",
      "unicode_decimal": 58934
    },
    {
      "icon_id": "3876287",
      "name": "spreaker",
      "font_class": "spreaker",
      "unicode": "e637",
      "unicode_decimal": 58935
    },
    {
      "icon_id": "3876296",
      "name": "linux",
      "font_class": "linux",
      "unicode": "e63a",
      "unicode_decimal": 58938
    },
    {
      "icon_id": "3876340",
      "name": "vim",
      "font_class": "vim",
      "unicode": "e63c",
      "unicode_decimal": 58940
    },
    {
      "icon_id": "3876341",
      "name": "nginx",
      "font_class": "nginx",
      "unicode": "e63d",
      "unicode_decimal": 58941
    },
    {
      "icon_id": "3876345",
      "name": "hulu",
      "font_class": "hulu",
      "unicode": "e63e",
      "unicode_decimal": 58942
    },
    {
      "icon_id": "3876347",
      "name": "line",
      "font_class": "line",
      "unicode": "e63f",
      "unicode_decimal": 58943
    },
    {
      "icon_id": "3876348",
      "name": "nodejs",
      "font_class": "nodejs",
      "unicode": "e640",
      "unicode_decimal": 58944
    },
    {
      "icon_id": "3876349",
      "name": "bing",
      "font_class": "bing",
      "unicode": "e641",
      "unicode_decimal": 58945
    },
    {
      "icon_id": "3876350",
      "name": "mongodb",
      "font_class": "mongodb",
      "unicode": "e642",
      "unicode_decimal": 58946
    },
    {
      "icon_id": "3876352",
      "name": "tripadvisor",
      "font_class": "tripadvisor",
      "unicode": "e643",
      "unicode_decimal": 58947
    },
    {
      "icon_id": "3876353",
      "name": "vuejs",
      "font_class": "vuejs",
      "unicode": "e644",
      "unicode_decimal": 58948
    },
    {
      "icon_id": "3876354",
      "name": "googlehangouts",
      "font_class": "googlehangouts",
      "unicode": "e645",
      "unicode_decimal": 58949
    },
    {
      "icon_id": "3876355",
      "name": "slack",
      "font_class": "slack",
      "unicode": "e646",
      "unicode_decimal": 58950
    },
    {
      "icon_id": "3876362",
      "name": "kickstarter",
      "font_class": "kickstarter",
      "unicode": "e647",
      "unicode_decimal": 58951
    },
    {
      "icon_id": "3876364",
      "name": "spotify",
      "font_class": "spotify",
      "unicode": "e648",
      "unicode_decimal": 58952
    },
    {
      "icon_id": "3876369",
      "name": "wordpress",
      "font_class": "wordpress",
      "unicode": "e649",
      "unicode_decimal": 58953
    },
    {
      "icon_id": "3876371",
      "name": "tencentqq",
      "font_class": "tencentqq",
      "unicode": "e64a",
      "unicode_decimal": 58954
    },
    {
      "icon_id": "3876373",
      "name": "skype",
      "font_class": "skype",
      "unicode": "e64b",
      "unicode_decimal": 58955
    },
    {
      "icon_id": "3876378",
      "name": "vimeo",
      "font_class": "vimeo",
      "unicode": "e64c",
      "unicode_decimal": 58956
    },
    {
      "icon_id": "3876384",
      "name": "react",
      "font_class": "react",
      "unicode": "e64d",
      "unicode_decimal": 58957
    },
    {
      "icon_id": "3876404",
      "name": "visualstudiocode",
      "font_class": "visualstudiocode",
      "unicode": "e653",
      "unicode_decimal": 58963
    },
    {
      "icon_id": "3876407",
      "name": "microsoftoutlook",
      "font_class": "microsoftoutlook",
      "unicode": "e654",
      "unicode_decimal": 58964
    },
    {
      "icon_id": "3876409",
      "name": "twitter",
      "font_class": "twitter",
      "unicode": "e655",
      "unicode_decimal": 58965
    },
    {
      "icon_id": "3876424",
      "name": "docker",
      "font_class": "docker",
      "unicode": "e659",
      "unicode_decimal": 58969
    },
    {
      "icon_id": "3876425",
      "name": "googleplay",
      "font_class": "googleplay",
      "unicode": "e65a",
      "unicode_decimal": 58970
    },
    {
      "icon_id": "3876428",
      "name": "webpack",
      "font_class": "webpack",
      "unicode": "e65b",
      "unicode_decimal": 58971
    },
    {
      "icon_id": "3876429",
      "name": "500px",
      "font_class": "px",
      "unicode": "e65c",
      "unicode_decimal": 58972
    },
    {
      "icon_id": "3876438",
      "name": "telegram",
      "font_class": "telegram",
      "unicode": "e65f",
      "unicode_decimal": 58975
    },
    {
      "icon_id": "3876458",
      "name": "python",
      "font_class": "python",
      "unicode": "e664",
      "unicode_decimal": 58980
    },
    {
      "icon_id": "3876460",
      "name": "jsfiddle",
      "font_class": "jsfiddle",
      "unicode": "e665",
      "unicode_decimal": 58981
    },
    {
      "icon_id": "3876467",
      "name": "ifixit",
      "font_class": "ifixit",
      "unicode": "e666",
      "unicode_decimal": 58982
    },
    {
      "icon_id": "3876468",
      "name": "buffer",
      "font_class": "buffer",
      "unicode": "e667",
      "unicode_decimal": 58983
    },
    {
      "icon_id": "3876469",
      "name": "paypal",
      "font_class": "paypal",
      "unicode": "e668",
      "unicode_decimal": 58984
    },
    {
      "icon_id": "3876470",
      "name": "windows",
      "font_class": "windows",
      "unicode": "e669",
      "unicode_decimal": 58985
    },
    {
      "icon_id": "3876473",
      "name": "intel",
      "font_class": "intel",
      "unicode": "e66a",
      "unicode_decimal": 58986
    },
    {
      "icon_id": "3876476",
      "name": "readthedocs",
      "font_class": "readthedocs",
      "unicode": "e66b",
      "unicode_decimal": 58987
    },
    {
      "icon_id": "3876480",
      "name": "baidu",
      "font_class": "baidu",
      "unicode": "e66c",
      "unicode_decimal": 58988
    },
    {
      "icon_id": "3876486",
      "name": "php",
      "font_class": "php",
      "unicode": "e66d",
      "unicode_decimal": 58989
    },
    {
      "icon_id": "3876493",
      "name": "visa",
      "font_class": "visa",
      "unicode": "e66e",
      "unicode_decimal": 58990
    },
    {
      "icon_id": "3876494",
      "name": "google",
      "font_class": "google",
      "unicode": "e670",
      "unicode_decimal": 58992
    },
    {
      "icon_id": "3876496",
      "name": "googledrive",
      "font_class": "googledrive",
      "unicode": "e671",
      "unicode_decimal": 58993
    },
    {
      "icon_id": "3876497",
      "name": "onedrive",
      "font_class": "onedrive",
      "unicode": "e672",
      "unicode_decimal": 58994
    },
    {
      "icon_id": "3876498",
      "name": "playstation",
      "font_class": "playstation",
      "unicode": "e673",
      "unicode_decimal": 58995
    },
    {
      "icon_id": "3876500",
      "name": "jira",
      "font_class": "jira",
      "unicode": "e674",
      "unicode_decimal": 58996
    },
    {
      "icon_id": "3876504",
      "name": "dropbox",
      "font_class": "dropbox",
      "unicode": "e675",
      "unicode_decimal": 58997
    },
    {
      "icon_id": "3876509",
      "name": "xcode",
      "font_class": "xcode",
      "unicode": "e676",
      "unicode_decimal": 58998
    },
    {
      "icon_id": "3876510",
      "name": "microsoftword",
      "font_class": "microsoftword",
      "unicode": "e677",
      "unicode_decimal": 58999
    },
    {
      "icon_id": "3876518",
      "name": "github",
      "font_class": "github",
      "unicode": "e678",
      "unicode_decimal": 59000
    },
    {
      "icon_id": "3876519",
      "name": "instapaper",
      "font_class": "instapaper",
      "unicode": "e679",
      "unicode_decimal": 59001
    },
    {
      "icon_id": "3876523",
      "name": "django",
      "font_class": "django",
      "unicode": "e67a",
      "unicode_decimal": 59002
    },
    {
      "icon_id": "3876533",
      "name": "sublimetext",
      "font_class": "sublimetext",
      "unicode": "e67b",
      "unicode_decimal": 59003
    },
    {
      "icon_id": "3876534",
      "name": "microsoft",
      "font_class": "microsoft",
      "unicode": "e67d",
      "unicode_decimal": 59005
    },
    {
      "icon_id": "3876545",
      "name": "apple",
      "font_class": "apple",
      "unicode": "e681",
      "unicode_decimal": 59009
    },
    {
      "icon_id": "3876547",
      "name": "yahoo",
      "font_class": "yahoo",
      "unicode": "e682",
      "unicode_decimal": 59010
    },
    {
      "icon_id": "3876548",
      "name": "bootstrap",
      "font_class": "bootstrap",
      "unicode": "e683",
      "unicode_decimal": 59011
    },
    {
      "icon_id": "3876572",
      "name": "mozilla",
      "font_class": "mozilla",
      "unicode": "e685",
      "unicode_decimal": 59013
    },
    {
      "icon_id": "3876578",
      "name": "steam",
      "font_class": "steam",
      "unicode": "e686",
      "unicode_decimal": 59014
    },
    {
      "icon_id": "3876583",
      "name": "wikipedia",
      "font_class": "wikipedia",
      "unicode": "e688",
      "unicode_decimal": 59016
    },
    {
      "icon_id": "3876588",
      "name": "vsco",
      "font_class": "vsco",
      "unicode": "e689",
      "unicode_decimal": 59017
    },
    {
      "icon_id": "3876589",
      "name": "applemusic",
      "font_class": "applemusic",
      "unicode": "e68a",
      "unicode_decimal": 59018
    }
  ]
}
